"","region_type","region","year","week","weighted_ili","unweighted_ili","age_0_4","age_25_49","age_25_64","age_5_24","age_50_64","age_65","ilitotal","num_of_providers","total_patients","week_start"
"1","National","National",2002,40,1.22262,1.16668,582,NA,524,805,NA,149,2060,754,176569,NA
"2","National","National",2002,41,1.33344,1.2165,683,NA,585,872,NA,127,2267,785,186355,NA
"3","National","National",2002,42,1.31929,1.13057,642,NA,543,878,NA,113,2176,831,192469,NA
"4","National","National",2002,43,1.49484,1.25246,728,NA,672,1045,NA,154,2599,863,207512,NA
"5","National","National",2002,44,1.47195,1.30237,823,NA,741,1189,NA,154,2907,909,223208,NA
"6","National","National",2002,45,1.58094,1.40551,887,NA,886,1272,NA,180,3225,930,229454,NA
"7","National","National",2002,46,1.49426,1.38437,851,NA,898,1173,NA,175,3097,923,223712,NA
"8","National","National",2002,47,1.40569,1.32563,802,NA,817,1166,NA,182,2967,922,223818,NA
"9","National","National",2002,48,1.6141,1.43475,834,NA,711,978,NA,186,2709,918,188814,NA
"10","National","National",2002,49,1.45967,1.25433,857,NA,869,1117,NA,206,3049,937,243078,NA
"11","National","National",2002,50,1.59896,1.25757,804,NA,792,1179,NA,182,2957,928,235136,NA
"12","National","National",2002,51,2.16697,1.58017,951,NA,849,1404,NA,212,3416,908,216179,NA
"13","National","National",2002,52,2.57842,1.98008,915,NA,828,937,NA,177,2857,865,144287,NA
"14","National","National",2003,1,2.38636,1.90428,1028,NA,962,1019,NA,251,3260,879,171193,NA
"15","National","National",2003,2,1.73621,1.5901,1068,NA,1091,1296,NA,274,3729,926,234513,NA
"16","National","National",2003,3,2.06296,1.81559,1154,NA,1011,1798,NA,241,4204,902,231550,NA
"17","National","National",2003,4,2.58113,2.41801,1373,NA,1104,2998,NA,221,5696,927,235566,NA
"18","National","National",2003,5,2.93909,2.86635,1411,NA,1322,4064,NA,282,7079,884,246969,NA
"19","National","National",2003,6,3.22539,3.16662,1606,NA,1421,4447,NA,308,7782,889,245751,NA
"20","National","National",2003,7,3.06982,3.0155,1568,NA,1566,4224,NA,291,7649,903,253656,NA
"21","National","National",2003,8,3.20044,2.9978,1694,NA,1537,3689,NA,308,7228,871,241110,NA
"22","National","National",2003,9,2.44888,2.31957,1336,NA,1400,2583,NA,287,5606,857,241683,NA
"23","National","National",2003,10,2.1344,1.94707,1015,NA,1085,2103,NA,247,4450,839,228549,NA
"24","National","National",2003,11,1.99866,1.72985,880,NA,987,1669,NA,274,3810,835,220250,NA
"25","National","National",2003,12,1.93849,1.51837,737,NA,773,1321,NA,156,2987,795,196724,NA
"26","National","National",2003,13,1.41293,1.22616,624,NA,640,1016,NA,159,2439,775,198913,NA
"27","National","National",2003,14,1.23472,1.05433,506,NA,541,846,NA,135,2028,741,192349,NA
"28","National","National",2003,15,1.20005,1.07108,569,NA,551,799,NA,163,2082,735,194383,NA
"29","National","National",2003,16,0.910135,0.82612,440,NA,382,539,NA,106,1467,669,177577,NA
"30","National","National",2003,17,0.932265,0.820505,429,NA,394,508,NA,114,1445,682,176111,NA
"31","National","National",2003,18,0.692175,0.630846,275,NA,272,444,NA,84,1075,655,170406,NA
"32","National","National",2003,19,0.669406,0.63935,215,NA,245,471,NA,74,1005,613,157191,NA
"33","National","National",2003,20,0.727705,0.586609,248,NA,235,283,NA,70,836,547,142514,NA
"34","National","National",2003,21,0.717701,0.773024,264,NA,169,262,NA,45,740,406,95728,NA
"35","National","National",2003,22,0.789394,0.790743,213,NA,179,205,NA,44,641,393,81063,NA
"36","National","National",2003,23,0.722129,0.711847,201,NA,133,195,NA,34,563,344,79090,NA
"37","National","National",2003,24,0.591326,0.794637,198,NA,180,187,NA,55,620,341,78023,NA
"38","National","National",2003,25,0.52307,0.586604,139,NA,127,123,NA,34,423,322,72110,NA
"39","National","National",2003,26,0.450236,0.615982,122,NA,163,124,NA,32,441,322,71593,NA
"40","National","National",2003,27,0.397421,0.491507,109,NA,94,91,NA,24,318,310,64699,NA
"41","National","National",2003,28,0.448002,0.604341,137,NA,120,141,NA,43,441,308,72972,NA
"42","National","National",2003,29,0.474767,0.524478,98,NA,116,98,NA,53,365,301,69593,NA
"43","National","National",2003,30,0.453251,0.590692,112,NA,121,139,NA,48,420,302,71103,NA
"44","National","National",2003,31,0.352158,0.505135,100,NA,102,120,NA,39,361,290,71466,NA
"45","National","National",2003,32,0.525322,0.634271,136,NA,136,125,NA,46,443,295,69844,NA
"46","National","National",2003,33,0.492991,0.610118,120,NA,133,131,NA,37,421,283,69003,NA
"47","National","National",2003,34,0.542728,0.641227,159,NA,120,144,NA,27,450,277,70178,NA
"48","National","National",2003,35,0.490347,0.661429,166,NA,112,155,NA,30,463,276,70000,NA
"49","National","National",2003,36,0.735914,0.792681,177,NA,124,182,NA,36,519,271,65474,NA
"50","National","National",2003,37,0.581771,0.639059,145,NA,122,184,NA,24,475,267,74328,NA
"51","National","National",2003,38,0.654162,0.636732,136,NA,116,183,NA,26,461,264,72401,NA
"52","National","National",2003,39,0.749504,0.747829,135,NA,143,221,NA,34,533,268,71273,NA
"53","National","National",2003,40,0.884021,0.960873,808,NA,607,881,NA,146,2442,830,254144,NA
"54","National","National",2003,41,1.02773,1.04325,913,NA,696,1132,NA,191,2932,931,281045,NA
"55","National","National",2003,42,1.28296,1.0545,878,NA,811,1147,NA,195,3031,974,287436,NA
"56","National","National",2003,43,1.32661,1.11231,1006,NA,884,1369,NA,216,3475,1007,312412,NA
"57","National","National",2003,44,1.77304,1.41274,1207,NA,1127,2080,NA,276,4690,1074,331980,NA
"58","National","National",2003,45,2.43814,1.72703,1542,NA,1249,2735,NA,264,5790,1111,335258,NA
"59","National","National",2003,46,2.72605,2.407,2185,NA,1757,4133,NA,310,8385,1141,348359,NA
"60","National","National",2003,47,3.73192,3.10962,2561,NA,2425,5684,NA,471,11141,1129,358275,NA
"61","National","National",2003,48,4.54894,4.30779,3247,NA,2890,4933,NA,672,11742,1118,272576,NA
"62","National","National",2003,49,5.39906,4.8303,4734,NA,5330,7817,NA,1067,18948,1189,392274,NA
"63","National","National",2003,50,7.38735,6.42905,6620,NA,5573,11550,NA,1219,24962,1173,388269,NA
"64","National","National",2003,51,7.48097,6.86734,6434,NA,5906,9851,NA,1508,23699,1148,345097,NA
"65","National","National",2003,52,7.62797,7.06496,5336,NA,4517,5231,NA,1331,16415,1122,232344,NA
"66","National","National",2003,53,5.14051,4.55115,3391,NA,3827,2894,NA,1220,11332,1139,248992,NA
"67","National","National",2004,1,2.89129,2.41833,1930,NA,2605,2299,NA,768,7602,1160,314349,NA
"68","National","National",2004,2,2.10429,1.80906,1679,NA,1586,1857,NA,461,5583,1141,308614,NA
"69","National","National",2004,3,1.88696,1.71202,1721,NA,1276,1604,NA,360,4961,1084,289774,NA
"70","National","National",2004,4,1.7766,1.5425,1487,NA,1067,1543,NA,339,4436,1071,287586,NA
"71","National","National",2004,5,1.46001,1.43787,1454,NA,1047,1448,NA,302,4251,1054,295646,NA
"72","National","National",2004,6,1.37787,1.32427,1420,NA,889,1297,NA,218,3824,986,288762,NA
"73","National","National",2004,7,1.30532,1.30726,1301,NA,876,1255,NA,259,3691,1004,282347,NA
"74","National","National",2004,8,1.08691,1.03698,956,NA,719,1038,NA,203,2916,948,281202,NA
"75","National","National",2004,9,0.991888,1.01032,925,NA,682,910,NA,227,2744,894,271597,NA
"76","National","National",2004,10,1.02765,1.05249,878,NA,764,888,NA,178,2708,897,257294,NA
"77","National","National",2004,11,1.0579,1.02009,730,NA,756,826,NA,175,2487,849,243802,NA
"78","National","National",2004,12,0.849361,0.924419,760,NA,628,733,NA,179,2300,859,248805,NA
"79","National","National",2004,13,0.747127,0.790645,610,NA,495,611,NA,142,1858,828,234998,NA
"80","National","National",2004,14,0.661708,0.80261,583,NA,440,566,NA,116,1705,774,212432,NA
"81","National","National",2004,15,0.679514,0.83613,545,NA,500,573,NA,131,1749,755,209178,NA
"82","National","National",2004,16,0.633071,0.792436,501,NA,461,511,NA,142,1615,679,203802,NA
"83","National","National",2004,17,0.569894,0.683588,470,NA,349,404,NA,108,1331,658,194708,NA
"84","National","National",2004,18,0.591357,0.757452,435,NA,383,491,NA,85,1394,629,184038,NA
"85","National","National",2004,19,0.589044,0.788585,449,NA,361,443,NA,74,1327,599,168276,NA
"86","National","National",2004,20,0.67864,0.812171,451,NA,337,380,NA,94,1262,553,155386,NA
"87","National","National",2004,21,0.637558,0.804463,375,NA,280,349,NA,66,1070,463,133008,NA
"88","National","National",2004,22,0.813309,0.877701,391,NA,289,308,NA,73,1061,452,120884,NA
"89","National","National",2004,23,0.834551,0.741453,355,NA,257,309,NA,66,987,443,133117,NA
"90","National","National",2004,24,0.616174,0.661022,307,NA,258,240,NA,46,851,426,128740,NA
"91","National","National",2004,25,0.513286,0.715109,277,NA,245,284,NA,81,887,423,124037,NA
"92","National","National",2004,26,0.351881,0.562241,238,NA,215,183,NA,62,698,408,124146,NA
"93","National","National",2004,27,0.542621,0.786808,233,NA,210,205,NA,62,710,381,90238,NA
"94","National","National",2004,28,0.581036,0.860658,249,NA,227,280,NA,80,836,378,97135,NA
"95","National","National",2004,29,0.495486,0.689944,259,NA,162,200,NA,38,659,370,95515,NA
"96","National","National",2004,30,0.61209,0.779691,260,NA,189,230,NA,40,719,363,92216,NA
"97","National","National",2004,31,0.531491,0.628144,213,NA,225,235,NA,60,733,345,116693,NA
"98","National","National",2004,32,0.519987,0.902459,243,NA,247,256,NA,63,809,334,89644,NA
"99","National","National",2004,33,0.574476,0.806443,256,NA,200,256,NA,58,770,335,95481,NA
"100","National","National",2004,34,0.663175,0.874888,259,NA,231,265,NA,44,799,333,91326,NA
"101","National","National",2004,35,0.614691,0.993213,279,NA,252,358,NA,71,960,326,96656,NA
"102","National","National",2004,36,0.656823,0.876141,281,NA,263,309,NA,60,913,337,104207,NA
"103","National","National",2004,37,0.723016,0.948092,342,NA,299,413,NA,68,1122,341,118343,NA
"104","National","National",2004,38,0.691857,0.926943,322,NA,268,416,NA,83,1089,336,117483,NA
"105","National","National",2004,39,0.782758,0.971643,333,NA,319,382,NA,82,1116,364,114857,NA
"106","National","National",2004,40,0.982275,0.897159,877,NA,853,1256,NA,185,3171,1176,353449,NA
"107","National","National",2004,41,1.01821,1.02248,1071,NA,971,1373,NA,216,3631,1187,355116,NA
"108","National","National",2004,42,1.1768,1.06296,1240,NA,1019,1534,NA,226,4019,1267,378094,NA
"109","National","National",2004,43,1.30121,1.14696,1190,NA,1223,1671,NA,285,4369,1293,380921,NA
"110","National","National",2004,44,1.27746,1.20495,1327,NA,1215,1718,NA,291,4551,1302,377692,NA
"111","National","National",2004,45,1.40387,1.30517,1497,NA,1279,1874,NA,319,4969,1344,380718,NA
"112","National","National",2004,46,1.40301,1.28699,1531,NA,1279,1874,NA,299,4983,1336,387182,NA
"113","National","National",2004,47,1.73975,1.59468,1490,NA,1274,1678,NA,271,4713,1341,295546,NA
"114","National","National",2004,48,1.56894,1.39714,1538,NA,1434,2059,NA,376,5407,1369,387004,NA
"115","National","National",2004,49,1.65927,1.44996,1551,NA,1450,2052,NA,375,5428,1346,374356,NA
"116","National","National",2004,50,1.81341,1.61745,1670,NA,1643,2071,NA,371,5755,1379,355806,NA
"117","National","National",2004,51,2.37626,2.19112,1856,NA,1608,1807,NA,418,5689,1288,259639,NA
"118","National","National",2004,52,2.77052,2.56649,2252,NA,2413,1993,NA,621,7279,1332,283617,NA
"119","National","National",2005,1,2.40064,2.17645,2010,NA,2869,2450,NA,712,8041,1383,369455,NA
"120","National","National",2005,2,2.54155,2.20171,2188,NA,2542,2982,NA,611,8323,1342,378024,NA
"121","National","National",2005,3,2.85871,2.53012,2199,NA,2839,3682,NA,608,9328,1348,368678,NA
"122","National","National",2005,4,3.55011,3.06524,2747,NA,3586,5364,NA,725,12422,1334,405254,NA
"123","National","National",2005,5,4.58591,3.98061,3086,NA,4498,7650,NA,958,16192,1303,406772,NA
"124","National","National",2005,6,5.05809,4.59568,3626,NA,5757,8854,NA,1132,19369,1324,421461,NA
"125","National","National",2005,7,5.44151,4.75197,3834,NA,6515,8400,NA,1182,19931,1330,419426,NA
"126","National","National",2005,8,4.4729,4.17962,3720,NA,5125,6759,NA,1026,16630,1280,397883,NA
"127","National","National",2005,9,3.6752,3.45359,2997,NA,4058,5343,NA,836,13234,1268,383196,NA
"128","National","National",2005,10,3.3353,3.15852,2728,NA,3634,4494,NA,745,11601,1227,367292,NA
"129","National","National",2005,11,2.76224,2.6732,2416,NA,2969,3513,NA,604,9502,1185,355454,NA
"130","National","National",2005,12,2.46844,2.35161,2145,NA,2434,2771,NA,550,7900,1148,335940,NA
"131","National","National",2005,13,2.00081,1.89243,1827,NA,1979,2133,NA,390,6329,1103,334438,NA
"132","National","National",2005,14,1.54319,1.5249,1422,NA,1327,1737,NA,330,4816,1048,315823,NA
"133","National","National",2005,15,1.50195,1.41134,1356,NA,1169,1603,NA,317,4445,1000,314948,NA
"134","National","National",2005,16,1.22918,1.25068,1096,NA,954,1469,NA,306,3825,978,305833,NA
"135","National","National",2005,17,1.21854,1.20702,1117,NA,894,1411,NA,224,3646,971,302065,NA
"136","National","National",2005,18,1.15832,1.07895,903,NA,762,1136,NA,189,2990,923,277120,NA
"137","National","National",2005,19,1.249,1.14521,979,NA,710,1115,NA,208,3012,878,263009,NA
"138","National","National",2005,20,1.16888,1.06124,805,NA,600,926,NA,200,2531,825,238494,NA
"139","National","National",2005,21,1.07888,1.0568,687,NA,518,695,NA,156,2056,687,194550,NA
"140","National","National",2005,22,1.23059,1.25193,693,NA,568,678,NA,160,2099,637,167661,NA
"141","National","National",2005,23,1.14747,1.01419,548,NA,462,594,NA,140,1744,603,171960,NA
"142","National","National",2005,24,1.00254,1.04197,573,NA,409,507,NA,125,1614,582,154899,NA
"143","National","National",2005,25,0.957569,0.954027,580,NA,431,507,NA,110,1628,587,170645,NA
"144","National","National",2005,26,0.894837,0.84823,497,NA,326,452,NA,84,1359,550,160216,NA
"145","National","National",2005,27,0.798205,0.841872,426,NA,313,390,NA,69,1198,533,142302,NA
"146","National","National",2005,28,0.757812,0.730894,389,NA,323,361,NA,75,1148,524,157068,NA
"147","National","National",2005,29,0.825963,0.713432,333,NA,303,364,NA,68,1068,507,149699,NA
"148","National","National",2005,30,0.744927,0.670677,328,NA,279,327,NA,56,990,492,147612,NA
"149","National","National",2005,31,0.787049,0.689278,331,NA,267,326,NA,58,982,488,142468,NA
"150","National","National",2005,32,0.684724,0.704929,319,NA,297,350,NA,57,1023,479,145121,NA
"151","National","National",2005,33,0.747361,0.615903,330,NA,225,326,NA,47,928,480,150673,NA
"152","National","National",2005,34,0.673974,0.609426,292,NA,265,311,NA,54,922,428,151290,NA
"153","National","National",2005,35,0.869662,0.680259,342,NA,273,367,NA,51,1033,420,151854,NA
"154","National","National",2005,36,0.899529,0.775488,338,NA,264,396,NA,63,1061,416,136817,NA
"155","National","National",2005,37,0.854635,0.683421,302,NA,289,383,NA,52,1026,408,150127,NA
"156","National","National",2005,38,1.01123,0.781075,368,NA,285,516,NA,50,1219,419,156067,NA
"157","National","National",2005,39,0.977808,0.806943,381,NA,276,484,NA,63,1204,447,149205,NA
"158","National","National",2005,40,1.17778,1.07635,1172,NA,924,1256,NA,234,3586,1113,333164,NA
"159","National","National",2005,41,1.21947,1.05869,1285,NA,853,1247,NA,197,3582,1160,338343,NA
"160","National","National",2005,42,1.3069,1.11523,1393,NA,992,1525,NA,212,4122,1216,369609,NA
"161","National","National",2005,43,1.33931,1.12381,1439,NA,997,1599,NA,213,4248,1237,377999,NA
"162","National","National",2005,44,1.58374,1.25489,1639,NA,1190,1894,NA,282,5005,1280,398840,NA
"163","National","National",2005,45,1.47072,1.33661,1563,NA,1251,1929,NA,295,5038,1272,376924,NA
"164","National","National",2005,46,1.6112,1.37864,1679,NA,1331,1951,NA,315,5276,1277,382697,NA
"165","National","National",2005,47,1.82699,1.60829,1666,NA,1249,1593,NA,294,4802,1301,298578,NA
"166","National","National",2005,48,1.77482,1.48311,1858,NA,1583,2176,NA,349,5966,1325,402264,NA
"167","National","National",2005,49,1.94451,1.65374,1987,NA,1534,2463,NA,387,6371,1328,385248,NA
"168","National","National",2005,50,2.35512,2.00679,2241,NA,1997,3063,NA,396,7697,1318,383548,NA
"169","National","National",2005,51,3.10878,2.56857,2696,NA,2293,3058,NA,530,8577,1287,333921,NA
"170","National","National",2005,52,3.28238,3.05278,2678,NA,2882,2561,NA,721,8842,1273,289638,NA
"171","National","National",2006,1,2.62914,2.42504,2422,NA,2817,2366,NA,734,8339,1319,343871,NA
"172","National","National",2006,2,2.2515,2.00195,2272,NA,2155,2921,NA,534,7882,1339,393716,NA
"173","National","National",2006,3,2.35858,2.05869,2249,NA,1999,3150,NA,460,7858,1297,381699,NA
"174","National","National",2006,4,2.41881,2.21277,2643,NA,2281,3646,NA,544,9114,1331,411882,NA
"175","National","National",2006,5,2.52752,2.3222,2612,NA,2288,4153,NA,498,9551,1320,411291,NA
"176","National","National",2006,6,2.64954,2.49279,2754,NA,2543,4593,NA,537,10427,1311,418286,NA
"177","National","National",2006,7,3.12935,2.79489,2624,NA,2992,4979,NA,631,11226,1288,401661,NA
"178","National","National",2006,8,3.12442,2.96911,2753,NA,3073,5284,NA,791,11901,1288,400827,NA
"179","National","National",2006,9,3.13099,2.83959,2579,NA,2989,5008,NA,767,11343,1275,399459,NA
"180","National","National",2006,10,3.08261,2.77799,2564,NA,2913,5106,NA,678,11261,1257,405365,NA
"181","National","National",2006,11,2.64431,2.47287,2330,NA,2231,4154,NA,607,9322,1241,376971,NA
"182","National","National",2006,12,2.42295,2.18061,1895,NA,1919,3709,NA,541,8064,1217,369804,NA
"183","National","National",2006,13,2.31141,2.0168,1697,NA,1745,3393,NA,478,7313,1165,362605,NA
"184","National","National",2006,14,1.86383,1.64101,1437,NA,1299,2660,NA,342,5738,1133,349662,NA
"185","National","National",2006,15,1.44943,1.35829,1181,NA,1067,2014,NA,285,4547,1087,334760,NA
"186","National","National",2006,16,1.30227,1.1428,959,NA,873,1479,NA,239,3550,1045,310641,NA
"187","National","National",2006,17,1.13459,1.04031,836,NA,779,1382,NA,180,3177,1017,305389,NA
"188","National","National",2006,18,1.06255,0.964347,745,NA,637,1208,NA,190,2780,958,288278,NA
"189","National","National",2006,19,1.03428,0.937982,745,NA,621,1039,NA,187,2592,919,276338,NA
"190","National","National",2006,20,1.01791,0.947449,715,NA,582,969,NA,162,2428,877,256267,NA
"191","National","National",2006,21,0.918151,0.891918,699,NA,452,764,NA,146,2061,783,231075,NA
"192","National","National",2006,22,0.93099,0.864643,572,NA,404,561,NA,108,1645,649,190252,NA
"193","National","National",2006,23,0.857294,0.97032,754,NA,564,626,NA,131,2075,635,213847,NA
"194","National","National",2006,24,0.786294,0.84439,514,NA,388,447,NA,81,1430,615,169353,NA
"195","National","National",2006,25,0.719426,0.77487,463,NA,328,409,NA,100,1300,610,167770,NA
"196","National","National",2006,26,0.718868,0.821372,466,NA,323,390,NA,92,1271,572,154741,NA
"197","National","National",2006,27,0.774807,0.872745,437,NA,305,402,NA,71,1215,565,139216,NA
"198","National","National",2006,28,0.76598,0.922635,549,NA,449,511,NA,108,1617,577,175259,NA
"199","National","National",2006,29,0.642809,0.899487,541,NA,460,440,NA,112,1553,564,172654,NA
"200","National","National",2006,30,0.622033,0.843082,502,NA,422,403,NA,128,1455,564,172581,NA
"201","National","National",2006,31,0.616326,0.881824,508,NA,402,430,NA,88,1428,551,161937,NA
"202","National","National",2006,32,0.685694,0.817145,473,NA,383,435,NA,82,1373,547,168024,NA
"203","National","National",2006,33,0.622697,0.8715,510,NA,390,466,NA,91,1457,536,167183,NA
"204","National","National",2006,34,0.611817,0.738621,404,NA,279,379,NA,76,1138,503,154071,NA
"205","National","National",2006,35,0.638831,0.797966,398,NA,292,457,NA,77,1224,488,153390,NA
"206","National","National",2006,36,0.806627,1.01394,492,NA,396,506,NA,69,1463,491,144289,NA
"207","National","National",2006,37,0.762448,0.880936,446,NA,361,521,NA,78,1406,487,159603,NA
"208","National","National",2006,38,0.813406,0.943366,511,NA,362,534,NA,80,1487,455,157627,NA
"209","National","National",2006,39,0.807934,0.891546,476,NA,364,512,NA,81,1433,469,160732,NA
"210","National","National",2006,40,1.15384,1.20322,1434,NA,1116,1699,NA,264,4513,1323,375076,NA
"211","National","National",2006,41,1.14819,1.05788,1278,NA,992,1602,NA,200,4072,1361,384920,NA
"212","National","National",2006,42,1.22736,1.13054,1543,NA,1099,1830,NA,265,4737,1425,419005,NA
"213","National","National",2006,43,1.21744,1.12552,1582,NA,1086,1996,NA,224,4888,1445,434287,NA
"214","National","National",2006,44,1.32813,1.20808,1672,NA,1157,2270,NA,281,5380,1473,445334,NA
"215","National","National",2006,45,1.47754,1.34952,2112,NA,1320,2393,NA,314,6139,1497,454901,NA
"216","National","National",2006,46,1.5339,1.4689,2355,NA,1342,2681,NA,290,6668,1474,453945,NA
"217","National","National",2006,47,1.91269,1.82767,2188,NA,1409,2202,NA,357,6156,1488,336822,NA
"218","National","National",2006,48,1.838,1.6656,2573,NA,1774,2792,NA,391,7530,1486,452089,NA
"219","National","National",2006,49,1.95376,1.85968,2643,NA,1804,3244,NA,431,8122,1493,436741,NA
"220","National","National",2006,50,2.40407,2.38891,3270,NA,2177,4470,NA,479,10396,1492,435177,NA
"221","National","National",2006,51,2.87453,2.78978,3387,NA,2237,4065,NA,503,10192,1435,365334,NA
"222","National","National",2006,52,3.02597,3.11549,3243,NA,2216,2868,NA,586,8913,1359,286087,NA
"223","National","National",2007,1,2.37817,2.26942,2927,NA,2394,2481,NA,584,8386,1490,369521,NA
"224","National","National",2007,2,2.09232,1.86355,2507,NA,2018,2756,NA,480,7761,1467,416464,NA
"225","National","National",2007,3,2.29396,1.99986,2548,NA,1701,3248,NA,412,7909,1470,395477,NA
"226","National","National",2007,4,2.74501,2.4406,3410,NA,2257,4684,NA,537,10888,1495,446119,NA
"227","National","National",2007,5,3.04434,2.83018,3456,NA,2559,5648,NA,457,12120,1472,428241,NA
"228","National","National",2007,6,3.49999,3.12343,3840,NA,2910,6995,NA,452,14197,1484,454533,NA
"229","National","National",2007,7,3.57851,3.27019,3879,NA,2955,6668,NA,529,14031,1461,429057,NA
"230","National","National",2007,8,3.28979,3.17757,3728,NA,3175,6537,NA,608,14048,1460,442099,NA
"231","National","National",2007,9,2.89149,2.72364,3016,NA,2778,5429,NA,578,11801,1428,433281,NA
"232","National","National",2007,10,2.62075,2.50201,2798,NA,2533,4937,NA,447,10715,1408,428255,NA
"233","National","National",2007,11,2.53387,2.4272,2668,NA,2426,4031,NA,472,9597,1361,395394,NA
"234","National","National",2007,12,2.07251,1.96041,2049,NA,1857,3307,NA,349,7562,1333,385735,NA
"235","National","National",2007,13,1.87084,1.5914,1664,NA,1625,2508,NA,351,6148,1303,386327,NA
"236","National","National",2007,14,1.40042,1.36978,1445,NA,1379,1803,NA,331,4958,1284,361955,NA
"237","National","National",2007,15,1.46887,1.36317,1429,NA,1274,1821,NA,345,4869,1240,357183,NA
"238","National","National",2007,16,1.15514,1.1737,1257,NA,1112,1523,NA,287,4179,1206,356055,NA
"239","National","National",2007,17,1.07901,1.06358,1152,NA,937,1386,NA,220,3695,1152,347413,NA
"240","National","National",2007,18,0.98492,0.969711,969,NA,755,1143,NA,210,3077,1119,317311,NA
"241","National","National",2007,19,1.03325,0.965362,917,NA,713,1055,NA,175,2860,1057,296262,NA
"242","National","National",2007,20,0.926649,0.856749,815,NA,590,861,NA,176,2442,1025,285031,NA
"243","National","National",2007,21,0.9201,0.863346,761,NA,561,785,NA,136,2243,925,259803,NA
"244","National","National",2007,22,0.954094,0.93537,722,NA,554,652,NA,130,2058,831,220020,NA
"245","National","National",2007,23,0.763278,0.745569,628,NA,422,510,NA,119,1679,796,225197,NA
"246","National","National",2007,24,0.81722,0.740428,598,NA,413,469,NA,134,1614,771,217982,NA
"247","National","National",2007,25,0.764586,0.672897,521,NA,394,441,NA,100,1456,749,216378,NA
"248","National","National",2007,26,0.793127,0.666282,514,NA,431,408,NA,102,1455,742,218376,NA
"249","National","National",2007,27,0.66909,0.662747,394,NA,313,360,NA,102,1169,711,176387,NA
"250","National","National",2007,28,0.62115,0.545619,366,NA,296,372,NA,52,1086,697,199040,NA
"251","National","National",2007,29,0.603659,0.586231,446,NA,335,345,NA,85,1211,698,206574,NA
"252","National","National",2007,30,0.649058,0.660687,477,NA,391,392,NA,96,1356,691,205241,NA
"253","National","National",2007,31,0.568338,0.534093,321,NA,344,311,NA,61,1037,677,194161,NA
"254","National","National",2007,32,0.651546,0.585549,389,NA,320,385,NA,78,1172,667,200154,NA
"255","National","National",2007,33,0.652176,0.618075,439,NA,338,411,NA,95,1283,666,207580,NA
"256","National","National",2007,34,0.803849,0.687465,495,NA,408,457,NA,88,1448,671,210629,NA
"257","National","National",2007,35,0.787458,0.715696,502,NA,416,500,NA,108,1526,652,213219,NA
"258","National","National",2007,36,0.943263,0.829313,519,NA,417,545,NA,73,1554,641,187384,NA
"259","National","National",2007,37,0.946932,0.800912,496,NA,417,682,NA,99,1694,638,211509,NA
"260","National","National",2007,38,0.987146,0.918484,609,NA,502,681,NA,121,1913,632,208278,NA
"261","National","National",2007,39,1.05206,0.814259,729,NA,583,788,NA,128,2228,703,273623,NA
"262","National","National",2007,40,0.995184,1.07197,2187,NA,1167,1997,NA,290,5641,1373,526227,NA
"263","National","National",2007,41,1.22003,1.21786,2387,NA,1321,2433,NA,303,6444,1429,529126,NA
"264","National","National",2007,42,1.28548,1.24576,2583,NA,1455,2551,NA,352,6941,1449,557172,NA
"265","National","National",2007,43,1.3775,1.35984,2871,NA,1400,2788,NA,375,7434,1477,546680,NA
"266","National","National",2007,44,1.46725,1.44671,3074,NA,1475,2998,NA,368,7915,1485,547104,NA
"267","National","National",2007,45,1.55841,1.53286,3398,NA,1609,3303,NA,377,8687,1539,566717,NA
"268","National","National",2007,46,1.61958,1.66653,3563,NA,1780,3290,NA,471,9104,1516,546284,NA
"269","National","National",2007,47,1.8112,1.97488,3651,NA,1812,2631,NA,476,8570,1523,433951,NA
"270","National","National",2007,48,1.61865,1.67305,3679,NA,1921,3158,NA,413,9171,1513,548159,NA
"271","National","National",2007,49,1.62124,1.63405,3365,NA,1772,2907,NA,392,8436,1487,516263,NA
"272","National","National",2007,50,1.67351,1.74595,3298,NA,1697,2694,NA,402,8091,1453,463416,NA
"273","National","National",2007,51,1.95096,1.93643,3580,NA,1987,2724,NA,459,8750,1420,451862,NA
"274","National","National",2007,52,2.50019,2.48905,3848,NA,2184,2348,NA,522,8902,1426,357646,NA
"275","National","National",2008,1,2.43939,2.25405,3737,NA,2731,2568,NA,670,9706,1486,430603,NA
"276","National","National",2008,2,2.29319,2.09147,3393,NA,3262,3644,NA,816,11115,1509,531444,NA
"277","National","National",2008,3,2.62907,2.35934,3664,NA,3038,4900,NA,595,12197,1511,516966,NA
"278","National","National",2008,4,3.92966,3.32331,4289,NA,4499,7661,NA,722,17171,1508,516683,NA
"279","National","National",2008,5,4.99202,4.43381,5222,NA,6595,11974,NA,1021,24812,1514,559609,NA
"280","National","National",2008,6,5.7776,5.34547,6059,NA,9212,15323,NA,1302,31896,1526,596692,NA
"281","National","National",2008,7,5.98318,5.42258,6244,NA,9487,14336,NA,1558,31625,1518,583210,NA
"282","National","National",2008,8,5.61677,5.30303,5922,NA,9812,12783,NA,1728,30245,1497,570334,NA
"283","National","National",2008,9,4.53234,4.24456,4978,NA,8583,9958,NA,1508,25027,1453,589626,NA
"284","National","National",2008,10,3.83249,3.628,4420,NA,6781,7849,NA,1204,20254,1445,558269,NA
"285","National","National",2008,11,3.21522,3.03463,3878,NA,5676,6112,NA,1048,16714,1412,550776,NA
"286","National","National",2008,12,2.69245,2.53595,3153,NA,4520,4493,NA,874,13040,1395,514205,NA
"287","National","National",2008,13,2.03366,2.0573,2689,NA,3496,3395,NA,796,10376,1379,504350,NA
"288","National","National",2008,14,1.65275,1.7415,2372,NA,2872,2697,NA,642,8583,1327,492850,NA
"289","National","National",2008,15,1.3113,1.40652,2045,NA,2160,2354,NA,486,7045,1318,500881,NA
"290","National","National",2008,16,1.1652,1.26861,1857,NA,1802,2013,NA,407,6079,1288,479187,NA
"291","National","National",2008,17,1.02035,1.07719,1572,NA,1345,1713,NA,323,4953,1208,459808,NA
"292","National","National",2008,18,0.877607,0.993445,1466,NA,1107,1416,NA,235,4224,1147,425187,NA
"293","National","National",2008,19,0.825107,0.911212,1356,NA,1066,1381,NA,208,4011,1098,440183,NA
"294","National","National",2008,20,0.787315,0.972109,1439,NA,980,1274,NA,211,3904,1074,401601,NA
"295","National","National",2008,21,0.805439,0.993258,1393,NA,926,1116,NA,211,3646,945,367075,NA
"296","National","National",2008,22,0.886061,1.09132,1473,NA,1004,1083,NA,243,3803,869,348477,NA
"297","National","National",2008,23,0.743743,0.888446,1159,NA,729,906,NA,139,2933,789,330127,NA
"298","National","National",2008,24,0.706842,0.887691,1113,NA,720,886,NA,187,2906,764,327366,NA
"299","National","National",2008,25,0.655943,0.883187,1115,NA,712,855,NA,160,2842,755,321789,NA
"300","National","National",2008,26,0.633492,0.826756,937,NA,654,810,NA,133,2534,730,306499,NA
"301","National","National",2008,27,0.571837,0.783201,913,NA,575,762,NA,155,2405,713,307073,NA
"302","National","National",2008,28,0.558278,0.78061,881,NA,669,749,NA,132,2431,710,311423,NA
"303","National","National",2008,29,0.597893,0.769073,826,NA,619,703,NA,171,2319,696,301532,NA
"304","National","National",2008,30,0.577222,0.721298,779,NA,552,704,NA,131,2166,694,300292,NA
"305","National","National",2008,31,0.596987,0.752527,788,NA,599,763,NA,139,2289,676,304175,NA
"306","National","National",2008,32,0.564653,0.752721,679,NA,619,706,NA,216,2220,668,294930,NA
"307","National","National",2008,33,0.585682,0.792766,789,NA,650,745,NA,184,2368,657,298701,NA
"308","National","National",2008,34,0.503985,0.743896,730,NA,619,754,NA,134,2237,657,300714,NA
"309","National","National",2008,35,0.468139,0.814166,794,NA,616,892,NA,127,2429,636,298342,NA
"310","National","National",2008,36,0.576455,0.838401,774,NA,663,880,NA,144,2461,666,293535,NA
"311","National","National",2008,37,0.681361,0.851124,859,NA,758,994,NA,177,2788,685,327567,NA
"312","National","National",2008,38,0.794764,1.10976,1062,NA,958,1527,NA,188,3735,679,336560,NA
"313","National","National",2008,39,0.868116,1.03114,983,NA,932,1306,NA,179,3400,716,329731,NA
"314","National","National",2008,40,1.06828,1.02284,1535,NA,1476,2352,NA,324,5687,1435,555999,NA
"315","National","National",2008,41,1.00756,1.03017,1861,NA,1485,2291,NA,322,5959,1500,578446,NA
"316","National","National",2008,42,0.979399,1.01245,1869,NA,1467,2219,NA,341,5896,1525,582351,NA
"317","National","National",2008,43,1.04943,1.08359,1976,NA,1668,2474,NA,367,6485,1527,598473,NA
"318","National","National",2008,44,1.13218,1.16578,2119,NA,1869,2547,NA,452,6987,1545,599343,NA
"319","National","National",2008,45,1.13156,1.1913,2276,NA,1981,2668,NA,372,7297,1555,612526,NA
"320","National","National",2008,46,1.15469,1.28075,2512,NA,1889,2854,NA,412,7667,1555,598635,NA
"321","National","National",2008,47,1.20448,1.27053,2600,NA,1893,2828,NA,412,7733,1563,608646,NA
"322","National","National",2008,48,1.36081,1.59578,3024,NA,1741,2412,NA,457,7634,1523,478386,NA
"323","National","National",2008,49,1.30322,1.4585,3114,NA,2212,2913,NA,469,8708,1551,597052,NA
"324","National","National",2008,50,1.30204,1.49921,3252,NA,1974,3024,NA,439,8689,1543,579573,NA
"325","National","National",2008,51,1.45109,1.62982,3137,NA,1640,2579,NA,456,7812,1416,479318,NA
"326","National","National",2008,52,1.79927,2.15561,3897,NA,1947,2367,NA,495,8706,1484,403876,NA
"327","National","National",2008,53,2.12134,2.02053,3814,NA,2163,2042,NA,584,8603,1490,425780,NA
"328","National","National",2009,1,1.47138,1.54566,3245,NA,2606,2548,NA,557,8956,1539,579428,NA
"329","National","National",2009,2,1.61555,1.64224,3142,NA,2329,3345,NA,473,9289,1512,565631,NA
"330","National","National",2009,3,1.95333,1.96524,3602,NA,2821,4597,NA,436,11456,1566,582932,NA
"331","National","National",2009,4,2.42907,2.34368,4039,NA,3215,6602,NA,468,14324,1554,611176,NA
"332","National","National",2009,5,2.96686,2.86057,4606,NA,4240,8882,NA,540,18268,1580,638613,NA
"333","National","National",2009,6,3.57354,3.3421,5064,NA,4636,11215,NA,752,21667,1569,648304,NA
"334","National","National",2009,7,3.36653,3.20566,4848,NA,4685,9851,NA,638,20022,1543,624583,NA
"335","National","National",2009,8,3.2962,3.10049,4694,NA,5007,10092,NA,657,20450,1544,659573,NA
"336","National","National",2009,9,3.17227,2.95819,4420,NA,4272,9116,NA,633,18441,1534,623389,NA
"337","National","National",2009,10,2.5804,2.46381,4046,NA,3601,7446,NA,618,15711,1524,637672,NA
"338","National","National",2009,11,2.42922,2.19272,3657,NA,3002,6036,NA,582,13277,1494,605503,NA
"339","National","National",2009,12,1.99028,1.87395,3237,NA,2661,5052,NA,450,11400,1470,608342,NA
"340","National","National",2009,13,1.72423,1.64817,2829,NA,2158,4283,NA,399,9669,1440,586651,NA
"341","National","National",2009,14,1.60355,1.49878,2577,NA,2085,3407,NA,391,8460,1422,564460,NA
"342","National","National",2009,15,1.28418,1.29233,2371,NA,1727,2761,NA,363,7222,1415,558837,NA
"343","National","National",2009,16,1.2932,1.27164,2353,NA,1743,2855,NA,397,7348,1445,577836,NA
"344","National","National",2009,17,2.74012,2.98159,4821,NA,5093,8043,NA,670,18627,1405,624734,NA
"345","National","National",2009,18,2.22391,2.43702,3920,NA,3875,6221,NA,562,14578,1422,598189,NA
"346","National","National",2009,19,1.76657,2.2813,3236,NA,3018,5888,NA,412,12554,1372,550300,NA
"347","National","National",2009,20,1.92171,3.81572,4188,NA,4136,12026,NA,424,20774,1331,544432,NA
"348","National","National",2009,21,1.8611,4.21315,4496,NA,4950,12461,NA,487,22394,1314,531526,NA
"349","National","National",2009,22,1.68423,3.17832,3865,NA,4213,8615,NA,412,17105,1305,538177,NA
"350","National","National",2009,23,1.7393,2.50972,3072,NA,3276,5660,NA,384,12392,1296,493761,NA
"351","National","National",2009,24,1.83001,2.06632,2623,NA,3084,4740,NA,333,10780,1280,521701,NA
"352","National","National",2009,25,1.58128,1.71805,2299,NA,2476,3700,NA,326,8801,1279,512268,NA
"353","National","National",2009,26,1.49172,1.55965,2145,NA,2023,2893,NA,361,7422,1237,475877,NA
"354","National","National",2009,27,1.389,1.30856,1701,NA,1815,2481,NA,293,6290,1246,480680,NA
"355","National","National",2009,28,1.34702,1.18695,1581,NA,1708,2437,NA,238,5964,1248,502466,NA
"356","National","National",2009,29,1.16056,1.13796,1608,NA,1611,2285,NA,231,5735,1248,503971,NA
"357","National","National",2009,30,1.2085,1.15005,1519,NA,1575,2199,NA,294,5587,1254,485804,NA
"358","National","National",2009,31,1.15544,1.11262,1651,NA,1530,2082,NA,263,5526,1230,496666,NA
"359","National","National",2009,32,1.14518,1.16142,1645,NA,1646,2321,NA,265,5877,1234,506019,NA
"360","National","National",2009,33,1.4664,1.64107,2167,NA,2168,4210,NA,396,8941,1286,544827,NA
"361","National","National",2009,34,2.38017,2.47166,2883,NA,2977,8253,NA,443,14556,1320,588916,NA
"362","National","National",2009,35,3.44681,3.71969,3713,NA,3982,13114,NA,541,21350,1358,573972,NA
"363","National","National",2009,36,4.05315,3.94975,4087,NA,4547,13407,NA,520,22561,1367,571201,NA
"364","National","National",2009,37,4.26621,4.08756,4445,NA,5668,15326,NA,652,26091,1380,638302,NA
"365","National","National",2009,38,4.21579,4.01897,4462,NA,5252,14152,NA,588,24454,1313,608464,NA
"366","National","National",2009,39,4.8861,4.60362,4974,NA,6090,16291,NA,564,27919,1331,606458,NA
"367","National","National",2009,40,6.06923,5.66087,9302,8554,NA,27406,2255,903,48420,2056,855346,NA
"368","National","National",2009,41,7.09467,6.81522,11527,10271,NA,32585,2800,1013,58196,2134,853912,NA
"369","National","National",2009,42,7.7151,7.61889,13187,12399,NA,39364,3048,1070,69068,2162,906536,NA
"370","National","National",2009,43,7.55134,7.38836,13174,12166,NA,36860,3083,1128,66411,2167,898860,NA
"371","National","National",2009,44,6.67118,6.33927,12161,10250,NA,30860,2672,1074,57017,2197,899425,NA
"372","National","National",2009,45,5.20633,4.94349,10151,8174,NA,21112,2314,978,42729,2191,864348,NA
"373","National","National",2009,46,4.04477,3.80996,8979,6163,NA,14652,1843,883,32520,2157,853552,NA
"374","National","National",2009,47,3.49722,3.44106,7716,4378,NA,8237,1406,771,22508,2146,654101,NA
"375","National","National",2009,48,2.69023,2.66773,7195,4259,NA,7988,1470,818,21730,2122,814550,NA
"376","National","National",2009,49,2.47119,2.47183,6490,3588,NA,7218,1314,715,19325,2093,781811,NA
"377","National","National",2009,50,2.44773,2.345,6275,3249,NA,5785,1113,659,17081,2014,728401,NA
"378","National","National",2009,51,2.64594,2.71435,6078,2677,NA,4127,1049,644,14575,1934,536961,NA
"379","National","National",2009,52,2.61567,2.67667,6598,3202,NA,3726,1284,803,15613,1937,583299,NA
"380","National","National",2010,1,1.90712,1.98284,4998,3333,NA,3961,1244,763,14299,1996,721138,NA
"381","National","National",2010,2,1.86738,1.82749,4877,2793,NA,4614,1182,622,14088,2016,770895,NA
"382","National","National",2010,3,1.88072,1.92606,5399,2693,NA,5079,1008,578,14757,2053,766177,NA
"383","National","National",2010,4,1.96908,1.92495,5333,2560,NA,5655,1046,528,15122,2026,785580,NA
"384","National","National",2010,5,2.11387,2.08877,5816,2581,NA,6142,948,550,16037,1996,767773,NA
"385","National","National",2010,6,2.09695,2.03434,5496,2644,NA,5577,1006,658,15381,1977,756068,NA
"386","National","National",2010,7,1.90294,1.97649,5388,2649,NA,5536,994,498,15065,1954,762208,NA
"387","National","National",2010,8,1.96951,1.99362,5040,2943,NA,6207,1218,679,16087,1990,806925,NA
"388","National","National",2010,9,1.92331,1.85383,4281,2763,NA,5685,1085,672,14486,1953,781411,NA
"389","National","National",2010,10,1.89659,1.8673,4612,2660,NA,5270,1112,700,14354,1946,768702,NA
"390","National","National",2010,11,1.75181,1.69987,4063,2468,NA,4466,976,628,12601,1933,741293,NA
"391","National","National",2010,12,1.52632,1.49741,3625,2097,NA,4108,827,534,11191,1917,747358,NA
"392","National","National",2010,13,1.49572,1.45112,3408,1954,NA,3733,736,528,10359,1875,713863,NA
"393","National","National",2010,14,1.22313,1.20715,3090,1718,NA,2933,644,428,8813,1850,730068,NA
"394","National","National",2010,15,1.17754,1.17415,3117,1572,NA,3110,598,404,8801,1831,749563,NA
"395","National","National",2010,16,1.09112,1.16207,2921,1461,NA,3044,522,414,8362,1765,719580,NA
"396","National","National",2010,17,1.11958,1.17213,3081,1435,NA,2972,557,395,8440,1755,720054,NA
"397","National","National",2010,18,1.08169,1.12168,2781,1385,NA,2901,482,365,7914,1710,705551,NA
"398","National","National",2010,19,1.12497,1.14981,2851,1363,NA,2645,491,347,7697,1664,669414,NA
"399","National","National",2010,20,1.06197,1.13328,2816,1364,NA,2553,498,372,7603,1624,670887,NA
"400","National","National",2010,21,1.08909,1.08171,2636,1235,NA,2188,445,349,6853,1497,633532,NA
"401","National","National",2010,22,1.1776,1.19959,2413,1212,NA,2172,463,335,6595,1421,549773,NA
"402","National","National",2010,23,0.97493,0.952808,2147,1081,NA,1831,374,322,5755,1435,604004,NA
"403","National","National",2010,24,0.987132,0.916032,1975,978,NA,1784,339,240,5316,1405,580329,NA
"404","National","National",2010,25,0.995991,0.926582,2027,882,NA,1779,397,249,5334,1384,575664,NA
"405","National","National",2010,26,0.904726,0.86962,1754,862,NA,1541,323,238,4718,1347,542536,NA
"406","National","National",2010,27,0.941927,0.903133,1753,816,NA,1566,334,222,4691,1353,519414,NA
"407","National","National",2010,28,0.880415,0.773776,1458,819,NA,1450,298,209,4234,1284,547187,NA
"408","National","National",2010,29,0.842615,0.742774,1323,759,NA,1335,335,198,3950,1265,531790,NA
"409","National","National",2010,30,0.858382,0.730934,1290,805,NA,1279,302,174,3850,1250,526723,NA
"410","National","National",2010,31,0.83383,0.786882,1381,839,NA,1357,291,209,4077,1241,518121,NA
"411","National","National",2010,32,0.847437,0.763051,1378,809,NA,1307,300,214,4008,1212,525260,NA
"412","National","National",2010,33,0.888273,0.841043,1485,883,NA,1592,360,198,4518,1225,537190,NA
"413","National","National",2010,34,0.765372,0.791573,1520,811,NA,1592,295,202,4420,1235,558382,NA
"414","National","National",2010,35,0.91858,0.912732,1564,1019,NA,1866,354,204,5007,1170,548573,NA
"415","National","National",2010,36,1.01432,1.03398,1850,1076,NA,1959,374,234,5493,1198,531250,NA
"416","National","National",2010,37,1.01233,0.934009,1720,1061,NA,2118,358,253,5510,1210,589930,NA
"417","National","National",2010,38,1.11803,1.08189,2134,1291,NA,2510,480,326,6741,1206,623077,NA
"418","National","National",2010,39,1.11806,1.06563,1995,1269,NA,2383,446,294,6387,1254,599366,NA
"419","National","National",2010,40,1.10939,1.13505,2627,1677,NA,3142,627,400,8473,1838,746485,NA
"420","National","National",2010,41,1.24341,1.25256,2953,1779,NA,3522,649,444,9347,1875,746230,NA
"421","National","National",2010,42,1.25726,1.2457,3044,1898,NA,3641,690,411,9684,1907,777397,NA
"422","National","National",2010,43,1.25734,1.26774,3226,1754,NA,3822,682,420,9904,1929,781234,NA
"423","National","National",2010,44,1.43414,1.43723,3451,1981,NA,4397,736,455,11020,1947,766753,NA
"424","National","National",2010,45,1.51838,1.53341,3927,1956,NA,4679,734,511,11807,1940,769982,NA
"425","National","National",2010,46,1.61617,1.69445,4416,2327,NA,5322,774,497,13336,1921,787038,NA
"426","National","National",2010,47,1.84378,1.9915,4598,2043,NA,4145,743,550,12079,1938,606527,NA
"427","National","National",2010,48,1.72535,1.81305,5045,2440,NA,4978,915,619,13997,1964,772016,NA
"428","National","National",2010,49,1.87923,2.01426,5060,2511,NA,5867,893,627,14958,1936,742606,NA
"429","National","National",2010,50,2.3371,2.55659,6300,2847,NA,7194,1031,650,18022,1916,704923,NA
"430","National","National",2010,51,3.03533,3.38185,7295,3433,NA,7071,1262,838,19899,1840,588406,NA
"431","National","National",2010,52,3.136,3.43172,7478,4455,NA,5764,1581,1068,20346,1887,592880,NA
"432","National","National",2011,1,2.53336,2.69151,6584,4455,NA,6342,1586,1059,20026,1923,744043,NA
"433","National","National",2011,2,2.91288,2.91063,6238,4220,NA,7773,1537,953,20721,1921,711908,NA
"434","National","National",2011,3,3.44497,3.49232,7247,5095,NA,11243,1734,938,26257,1964,751850,NA
"435","National","National",2011,4,4.16185,4.0037,8007,5952,NA,15291,1794,931,31975,1947,798637,NA
"436","National","National",2011,5,4.55159,4.43534,8195,6536,NA,16366,1990,1197,34284,1970,772974,NA
"437","National","National",2011,6,4.46504,4.24215,8036,6812,NA,16516,1996,1096,34456,1961,812230,NA
"438","National","National",2011,7,4.55124,4.39719,8172,7257,NA,17493,2352,1293,36567,1910,831600,NA
"439","National","National",2011,8,4.0822,3.90256,7839,6425,NA,13718,2028,1267,31277,1908,801449,NA
"440","National","National",2011,9,3.38812,3.15073,6376,4869,NA,10496,1740,1146,24627,1860,781629,NA
"441","National","National",2011,10,2.99142,2.72422,5691,3939,NA,8427,1421,899,20377,1829,747993,NA
"442","National","National",2011,11,2.61542,2.33336,5363,3265,NA,6702,1175,804,17309,1823,741807,NA
"443","National","National",2011,12,2.09065,1.925,4400,2551,NA,5489,978,613,14031,1790,728883,NA
"444","National","National",2011,13,1.86146,1.75243,4189,2244,NA,5025,877,622,12957,1770,739375,NA
"445","National","National",2011,14,1.61377,1.57704,3701,1985,NA,4557,747,508,11498,1723,729089,NA
"446","National","National",2011,15,1.42199,1.35766,3164,1574,NA,3562,641,450,9391,1681,691707,NA
"447","National","National",2011,16,1.3382,1.31223,3139,1505,NA,3064,559,428,8695,1651,662612,NA
"448","National","National",2011,17,1.19995,1.14937,2895,1324,NA,2673,555,383,7830,1612,681240,NA
"449","National","National",2011,18,1.14889,1.11451,2532,1305,NA,2553,524,393,7307,1585,655627,NA
"450","National","National",2011,19,1.12194,1.10984,2551,1254,NA,2595,485,351,7236,1556,651983,NA
"451","National","National",2011,20,1.06712,1.0524,2353,1131,NA,2280,461,305,6530,1516,620485,NA
"452","National","National",2011,21,1.05058,1.03536,2213,1045,NA,2110,405,299,6072,1381,586460,NA
"453","National","National",2011,22,1.15203,1.11777,2249,1013,NA,1980,397,307,5946,1357,531954,NA
"454","National","National",2011,23,0.970975,0.982949,2040,1037,NA,1760,432,278,5547,1296,564322,NA
"455","National","National",2011,24,0.894683,0.925194,1812,911,NA,1599,405,262,4989,1279,539238,NA
"456","National","National",2011,25,0.843568,0.835531,1604,870,NA,1422,308,244,4448,1251,532356,NA
"457","National","National",2011,26,0.815409,0.832393,1472,750,NA,1462,324,210,4218,1225,506732,NA
"458","National","National",2011,27,0.823052,0.855591,1423,823,NA,1269,270,224,4009,1211,468565,NA
"459","National","National",2011,28,0.674635,0.706949,1255,756,NA,1206,316,188,3721,1220,526346,NA
"460","National","National",2011,29,0.631883,0.694387,1243,733,NA,1184,259,178,3597,1203,518011,NA
"461","National","National",2011,30,0.641513,0.687976,1251,667,NA,1188,263,169,3538,1179,514262,NA
"462","National","National",2011,31,0.529813,0.644743,1088,635,NA,1125,203,151,3202,1175,496632,NA
"463","National","National",2011,32,0.644089,0.67533,1207,704,NA,1223,231,158,3523,1175,521671,NA
"464","National","National",2011,33,0.667718,0.72823,1342,767,NA,1358,241,166,3874,1191,531975,NA
"465","National","National",2011,34,0.705668,0.806526,1505,814,NA,1600,305,220,4444,1195,551005,NA
"466","National","National",2011,35,0.804155,0.860408,1528,887,NA,1781,308,213,4717,1200,548228,NA
"467","National","National",2011,36,0.907804,0.936075,1622,904,NA,1809,293,185,4813,1184,514168,NA
"468","National","National",2011,37,1.00555,0.966683,1788,1022,NA,2206,346,205,5567,1196,575887,NA
"469","National","National",2011,38,1.03601,0.996007,1816,1126,NA,2264,374,242,5822,1201,584534,NA
"470","National","National",2011,39,1.07583,1.10846,2248,1253,NA,2514,449,244,6708,1213,605162,NA
"471","National","National",2011,40,1.16092,1.20345,3106,1765,NA,3485,632,377,9365,1850,778182,NA
"472","National","National",2011,41,1.19785,1.23777,3317,1777,NA,3667,672,370,9803,1883,791987,NA
"473","National","National",2011,42,1.27926,1.25259,3324,1763,NA,3837,655,379,9958,1905,794995,NA
"474","National","National",2011,43,1.29194,1.30546,3453,1773,NA,4035,657,380,10298,1900,788840,NA
"475","National","National",2011,44,1.42824,1.45295,3634,1957,NA,4658,760,387,11396,1925,784334,NA
"476","National","National",2011,45,1.39803,1.44089,3949,2072,NA,4348,671,456,11496,1946,797839,NA
"477","National","National",2011,46,1.45831,1.46221,3923,2166,NA,4361,797,474,11721,1900,801594,NA
"478","National","National",2011,47,1.56548,1.65573,4125,1803,NA,3340,679,430,10377,1918,626731,NA
"479","National","National",2011,48,1.34313,1.46606,4237,2059,NA,3955,815,413,11479,1904,782984,NA
"480","National","National",2011,49,1.48139,1.51811,3995,1938,NA,4040,772,442,11187,1898,736905,NA
"481","National","National",2011,50,1.63398,1.66429,4579,2077,NA,4097,838,546,12137,1872,729258,NA
"482","National","National",2011,51,1.83126,1.85274,5016,2068,NA,3535,818,521,11958,1851,645424,NA
"483","National","National",2011,52,2.10451,2.12413,5243,2315,NA,3184,946,668,12356,1821,581697,NA
"484","National","National",2012,1,1.73625,1.76709,4514,2342,NA,3393,1028,715,11992,1891,678631,NA
"485","National","National",2012,2,1.55066,1.5434,4059,2319,NA,3636,918,611,11543,1883,747894,NA
"486","National","National",2012,3,1.62891,1.64762,4364,2247,NA,4030,800,498,11939,1887,724623,NA
"487","National","National",2012,4,1.76038,1.6843,4766,2303,NA,4802,825,513,13209,1891,784244,NA
"488","National","National",2012,5,1.92728,1.86354,5218,2415,NA,5336,915,564,14448,1885,775298,NA
"489","National","National",2012,6,1.91994,1.86408,5028,2582,NA,5555,894,565,14624,1875,784516,NA
"490","National","National",2012,7,2.09951,2.01839,5277,2937,NA,5994,1054,667,15929,1884,789193,NA
"491","National","National",2012,8,2.23973,2.10385,5246,3009,NA,5990,1131,761,16137,1853,767022,NA
"492","National","National",2012,9,2.21921,2.09555,5219,3141,NA,6239,1153,766,16518,1826,788242,NA
"493","National","National",2012,10,2.16693,2.10398,4811,2832,NA,6493,998,629,15763,1816,749198,NA
"494","National","National",2012,11,2.38913,2.2941,5175,3321,NA,6768,1185,701,17150,1819,747570,NA
"495","National","National",2012,12,1.96466,1.92223,4422,2822,NA,5683,988,609,14524,1780,755579,NA
"496","National","National",2012,13,1.84229,1.74239,3807,2485,NA,5256,920,549,13017,1753,747079,NA
"497","National","National",2012,14,1.68674,1.67601,3582,2306,NA,4631,839,572,11930,1729,711808,NA
"498","National","National",2012,15,1.53136,1.49637,3253,2109,NA,4059,767,544,10732,1707,717202,NA
"499","National","National",2012,16,1.37912,1.38202,3001,1990,NA,4020,719,393,10123,1699,732480,NA
"500","National","National",2012,17,1.29515,1.28926,2638,1831,NA,3802,664,435,9370,1675,726772,NA
"501","National","National",2012,18,1.39521,1.35803,2509,1728,NA,3671,636,455,8999,1564,662649,NA
"502","National","National",2012,19,1.32522,1.30833,2524,1559,NA,3468,606,419,8576,1546,655492,NA
"503","National","National",2012,20,1.23059,1.26692,2465,1547,NA,3087,588,375,8062,1503,636347,NA
"504","National","National",2012,21,1.23028,1.27731,2545,1461,NA,3011,483,378,7878,1415,616765,NA
"505","National","National",2012,22,1.26877,1.2991,2480,1276,NA,2601,446,350,7153,1409,550614,NA
"506","National","National",2012,23,1.10782,1.16297,2336,1281,NA,2352,458,338,6765,1365,581700,NA
"507","National","National",2012,24,1.09559,1.08612,2231,1150,NA,2024,428,300,6133,1289,564670,NA
"508","National","National",2012,25,1.11031,1.0568,2259,1119,NA,1974,411,285,6048,1295,572296,NA
"509","National","National",2012,26,1.10616,1.07871,2168,1058,NA,1850,422,288,5786,1260,536380,NA
"510","National","National",2012,27,1.10816,1.04662,1911,1013,NA,1706,388,273,5291,1271,505533,NA
"511","National","National",2012,28,0.999444,0.928152,1913,964,NA,1751,337,220,5185,1240,558637,NA
"512","National","National",2012,29,0.924199,0.901936,1818,914,NA,1640,318,241,4931,1223,546713,NA
"513","National","National",2012,30,0.949257,0.915356,1752,975,NA,1721,372,283,5103,1250,557488,NA
"514","National","National",2012,31,0.978903,0.952548,1728,1050,NA,1706,408,267,5159,1240,541600,NA
"515","National","National",2012,32,0.925024,0.916661,1660,989,NA,1718,375,284,5026,1248,548294,NA
"516","National","National",2012,33,0.848456,0.901787,1721,986,NA,1755,357,232,5051,1238,560110,NA
"517","National","National",2012,34,1.04451,1.03315,2098,1194,NA,2128,425,296,6141,1238,594395,NA
"518","National","National",2012,35,1.0986,1.05238,1958,1305,NA,2335,443,277,6318,1238,600354,NA
"519","National","National",2012,36,1.22071,1.12713,1886,1317,NA,2294,481,318,6296,1242,558585,NA
"520","National","National",2012,37,1.24976,1.1866,2176,1408,NA,2870,513,415,7382,1252,622114,NA
"521","National","National",2012,38,1.22892,1.21415,2295,1530,NA,2972,511,348,7656,1268,630563,NA
"522","National","National",2012,39,1.29393,1.25198,2421,1546,NA,2867,575,398,7807,1248,623572,NA
"523","National","National",2012,40,1.23034,1.20559,2773,1814,NA,3691,702,415,9395,1932,779285,NA
"524","National","National",2012,41,1.3278,1.31929,2960,1957,NA,4007,745,489,10158,1940,769959,NA
"525","National","National",2012,42,1.33995,1.32737,3202,1902,NA,4233,760,488,10585,1968,797444,NA
"526","National","National",2012,43,1.37842,1.36688,3346,2012,NA,4268,771,516,10913,1958,798388,NA
"527","National","National",2012,44,1.50085,1.50535,3326,2032,NA,4422,797,484,11061,1929,734781,NA
"528","National","National",2012,45,1.65163,1.61273,3733,2330,NA,5145,925,541,12674,1974,785871,NA
"529","National","National",2012,46,1.76746,1.75208,4034,2569,NA,5526,897,597,13623,1966,777534,NA
"530","National","National",2012,47,2.30609,2.33365,4651,2824,NA,5387,1105,683,14650,1968,627772,NA
"531","National","National",2012,48,2.16324,2.2268,5102,3950,NA,7018,1498,953,18521,2006,831730,NA
"532","National","National",2012,49,2.83038,2.97657,6486,4672,NA,10857,1791,1071,24877,2006,835762,NA
"533","National","National",2012,50,3.43761,3.62552,7446,5692,NA,12945,2087,1262,29432,1977,811800,NA
"534","National","National",2012,51,4.30554,4.5532,8546,7437,NA,13971,2730,1648,34332,1908,754019,NA
"535","National","National",2012,52,6.06082,6.02598,9709,9295,NA,11391,3639,2554,36588,1905,607171,NA
"536","National","National",2013,1,4.64931,4.96368,8444,9679,NA,9108,4080,2792,34103,1982,687051,NA
"537","National","National",2013,2,4.32584,4.69072,8297,10877,NA,13424,4502,2796,39896,1995,850531,NA
"538","National","National",2013,3,4.51113,4.70473,8633,8977,NA,15992,3523,2316,39441,2008,838326,NA
"539","National","National",2013,4,4.2171,4.1646,7441,7021,NA,13439,2760,1765,32426,1978,778610,NA
"540","National","National",2013,5,3.78956,3.69533,6609,6421,NA,12653,2551,1574,29808,1963,806640,NA
"541","National","National",2013,6,3.29206,3.2363,5757,5236,NA,10816,1971,1207,24987,1931,772086,NA
"542","National","National",2013,7,3.0197,2.89421,5289,4698,NA,9395,1894,1045,22321,1926,771229,NA
"543","National","National",2013,8,2.71499,2.71742,5099,4357,NA,8415,1625,1023,20519,1940,755092,NA
"544","National","National",2013,9,2.4845,2.52297,4633,4030,NA,7981,1619,968,19231,1893,762238,NA
"545","National","National",2013,10,2.57808,2.55227,4791,3935,NA,7709,1536,858,18829,1884,737736,NA
"546","National","National",2013,11,2.39237,2.43225,4480,3606,NA,7065,1352,889,17392,1846,715059,NA
"547","National","National",2013,12,2.06778,2.10851,3957,3191,NA,6095,1270,741,15254,1825,723449,NA
"548","National","National",2013,13,1.90281,1.94725,3830,2924,NA,5204,1124,632,13714,1811,704276,NA
"549","National","National",2013,14,1.65902,1.74859,3516,2677,NA,4299,1106,675,12273,1769,701881,NA
"550","National","National",2013,15,1.43006,1.49713,3110,2219,NA,3929,957,603,10818,1742,722583,NA
"551","National","National",2013,16,1.27757,1.32313,2707,1757,NA,3509,724,491,9188,1732,694415,NA
"552","National","National",2013,17,1.19009,1.22647,2588,1630,NA,3364,582,425,8589,1711,700300,NA
"553","National","National",2013,18,1.09556,1.19614,2439,1470,NA,3142,565,370,7986,1675,667648,NA
"554","National","National",2013,19,1.08589,1.19049,2422,1474,NA,2877,570,361,7704,1630,647130,NA
"555","National","National",2013,20,1.07343,1.17426,2431,1345,NA,2583,565,393,7317,1582,623114,NA
"556","National","National",2013,21,1.01677,1.13342,2230,1279,NA,2219,493,368,6589,1489,581338,NA
"557","National","National",2013,22,1.04847,1.14306,2109,1147,NA,2094,483,357,6190,1486,541528,NA
"558","National","National",2013,23,0.920349,1.00881,1983,1086,NA,1779,460,330,5638,1421,558875,NA
"559","National","National",2013,24,0.920779,1.02358,1969,1112,NA,1713,468,277,5539,1419,541138,NA
"560","National","National",2013,25,0.904333,1.00138,1877,1040,NA,1766,489,302,5474,1405,546643,NA
"561","National","National",2013,26,0.83057,0.909498,1703,947,NA,1581,399,285,4915,1389,540408,NA
"562","National","National",2013,27,0.862837,0.950042,1594,851,NA,1489,321,251,4506,1357,474295,NA
"563","National","National",2013,28,0.732182,0.829299,1576,862,NA,1491,362,219,4510,1362,543833,NA
"564","National","National",2013,29,0.724558,0.802109,1432,849,NA,1405,315,185,4186,1341,521874,NA
"565","National","National",2013,30,0.740848,0.806333,1416,800,NA,1464,332,221,4233,1325,524969,NA
"566","National","National",2013,31,0.726037,0.796937,1216,852,NA,1284,350,184,3886,1290,487617,NA
"567","National","National",2013,32,0.755639,0.779136,1367,870,NA,1338,302,198,4075,1299,523015,NA
"568","National","National",2013,33,0.761847,0.797653,1364,919,NA,1366,331,188,4168,1276,522533,NA
"569","National","National",2013,34,0.779896,0.825485,1331,892,NA,1561,301,232,4317,1265,522965,NA
"570","National","National",2013,35,0.899138,0.935469,1499,1014,NA,1814,410,316,5053,1260,540157,NA
"571","National","National",2013,36,0.999524,1.04345,1681,1137,NA,2035,462,311,5626,1317,539175,NA
"572","National","National",2013,37,1.0558,1.09107,1926,1217,NA,2437,440,354,6374,1307,584196,NA
"573","National","National",2013,38,1.0967,1.20108,2175,1350,NA,2683,537,365,7110,1290,591969,NA
"574","National","National",2013,39,1.24709,1.26179,2393,1500,NA,2963,648,459,7963,1364,631088,NA
"575","National","National",2013,40,1.15746,1.13249,2974,1840,NA,3769,638,456,9677,1960,854487,NA
"576","National","National",2013,41,1.27184,1.21121,3276,1924,NA,3925,762,533,10420,1990,860298,NA
"577","National","National",2013,42,1.31623,1.25682,3483,2010,NA,3880,785,500,10658,2018,848016,NA
"578","National","National",2013,43,1.37444,1.37097,3930,2292,NA,4484,816,514,12036,2027,877917,NA
"579","National","National",2013,44,1.46781,1.42956,4045,2354,NA,4642,930,531,12502,2028,874537,NA
"580","National","National",2013,45,1.5834,1.53588,4434,2511,NA,5062,953,538,13498,2017,878845,NA
"581","National","National",2013,46,1.60253,1.60267,4643,2716,NA,5000,990,578,13927,2054,868987,NA
"582","National","National",2013,47,1.72344,1.73267,4835,3088,NA,5579,1083,583,15168,2012,875411,NA
"583","National","National",2013,48,2.11076,2.09858,4937,3027,NA,4313,1059,639,13975,2042,665926,NA
"584","National","National",2013,49,2.1708,2.21374,5549,4375,NA,6579,1552,865,18920,2055,854664,NA
"585","National","National",2013,50,2.36971,2.41674,5501,4458,NA,7046,1591,802,19398,2054,802651,NA
"586","National","National",2013,51,3.15997,3.03071,6555,6525,NA,8406,2272,939,24697,2009,814891,NA
"587","National","National",2013,52,4.59053,4.38724,7814,7499,NA,7485,2874,1316,26988,2007,615148,NA
"588","National","National",2014,1,4.28195,4.2112,7488,9135,NA,6726,3555,1750,28654,2033,680424,NA
"589","National","National",2014,2,3.56288,3.46492,6233,8846,NA,7881,3565,1622,28147,2059,812343,NA
"590","National","National",2014,3,3.36378,3.31698,6007,8091,NA,9517,3149,1606,28370,2049,855297,NA
"591","National","National",2014,4,3.39659,3.2407,5878,6818,NA,8858,2616,1332,25502,2062,786928,NA
"592","National","National",2014,5,3.11922,2.88598,5133,6031,NA,8714,2403,1203,23484,2051,813726,NA
"593","National","National",2014,6,2.83572,2.62172,4729,5278,NA,7711,2242,1125,21085,2051,804244,NA
"594","National","National",2014,7,2.48484,2.34067,4210,4470,NA,6717,1829,969,18195,2018,777340,NA
"595","National","National",2014,8,2.2741,2.12059,4250,4306,NA,6121,1684,873,17234,2025,812700,NA
"596","National","National",2014,9,2.07244,1.91094,3953,3691,NA,5875,1505,890,15914,1978,832786,NA
"597","National","National",2014,10,1.98207,1.9023,3775,3472,NA,5575,1430,792,15044,1944,790831,NA
"598","National","National",2014,11,1.82441,1.76619,3616,3210,NA,5022,1360,816,14024,1904,794024,NA
"599","National","National",2014,12,1.82036,1.85791,3798,3285,NA,5611,1422,810,14926,1922,803374,NA
"600","National","National",2014,13,1.75391,1.82094,3523,3256,NA,5812,1298,772,14661,1887,805133,NA
"601","National","National",2014,14,1.74542,1.83453,3582,3153,NA,5659,1436,807,14637,1866,797863,NA
"602","National","National",2014,15,1.67236,1.75446,3574,2943,NA,5587,1316,786,14206,1845,809707,NA
"603","National","National",2014,16,1.51659,1.51636,3130,2516,NA,4279,1088,710,11723,1810,773101,NA
"604","National","National",2014,17,1.44778,1.40334,2846,2504,NA,3770,1036,658,10814,1771,770592,NA
"605","National","National",2014,18,1.29028,1.2593,2501,2084,NA,3591,913,559,9648,1746,766139,NA
"606","National","National",2014,19,1.37388,1.32482,2789,2009,NA,3615,834,528,9775,1714,737834,NA
"607","National","National",2014,20,1.34208,1.27576,2544,1876,NA,3256,825,532,9033,1660,708049,NA
"608","National","National",2014,21,1.34563,1.29483,2733,1742,NA,3068,771,483,8797,1570,679395,NA
"609","National","National",2014,22,1.21291,1.2261,2528,1542,NA,2459,625,504,7658,1554,624582,NA
"610","National","National",2014,23,1.19291,1.14538,2383,1492,NA,2349,607,398,7229,1461,631143,NA
"611","National","National",2014,24,1.14146,1.0678,2227,1413,NA,2181,561,401,6783,1461,635233,NA
"612","National","National",2014,25,1.06503,1.07269,2159,1285,NA,2009,528,388,6369,1392,593740,NA
"613","National","National",2014,26,1.12669,1.01298,2049,1235,NA,1917,509,328,6038,1411,596063,NA
"614","National","National",2014,27,0.947353,0.994705,1865,1075,NA,1688,416,308,5352,1388,538049,NA
"615","National","National",2014,28,0.944187,0.880862,1758,1122,NA,1623,441,351,5295,1394,601116,NA
"616","National","National",2014,29,0.934822,0.858173,1582,1116,NA,1621,403,361,5083,1376,592305,NA
"617","National","National",2014,30,0.81736,0.805152,1455,1128,NA,1450,398,334,4765,1372,591814,NA
"618","National","National",2014,31,0.852792,0.818781,1450,1094,NA,1655,417,326,4942,1378,603580,NA
"619","National","National",2014,32,0.746994,0.783735,1460,1074,NA,1528,409,273,4744,1382,605307,NA
"620","National","National",2014,33,0.761098,0.848703,1528,1107,NA,1631,403,311,4980,1369,586778,NA
"621","National","National",2014,34,0.767627,0.834146,1569,1196,NA,1813,412,315,5305,1371,635980,NA
"622","National","National",2014,35,0.862176,0.905981,1684,1223,NA,2184,401,307,5799,1353,640080,NA
"623","National","National",2014,36,0.984907,1.04506,1753,1284,NA,2258,453,302,6050,1352,578913,NA
"624","National","National",2014,37,1.16287,1.16816,2300,1550,NA,3316,568,396,8130,1401,695966,NA
"625","National","National",2014,38,1.22731,1.27649,2535,1705,NA,3650,605,393,8888,1405,696282,NA
"626","National","National",2014,39,1.2071,1.29758,2522,1820,NA,3447,657,428,8874,1407,683887,NA
"627","National","National",2014,40,1.16191,1.20612,2958,1959,NA,3994,712,527,10150,1937,841540,NA
"628","National","National",2014,41,1.30905,1.32485,3055,2116,NA,4437,821,548,10977,1960,828544,NA
"629","National","National",2014,42,1.37072,1.41192,3442,2321,NA,4728,870,580,11941,2000,845727,NA
"630","National","National",2014,43,1.43373,1.42547,3455,2459,NA,4955,892,531,12292,2008,862314,NA
"631","National","National",2014,44,1.42791,1.43909,3632,2242,NA,5102,807,530,12313,2053,855608,NA
"632","National","National",2014,45,1.61605,1.61532,4277,2349,NA,5799,863,565,13853,2058,857601,NA
"633","National","National",2014,46,1.65976,1.66473,4424,2323,NA,5816,911,588,14062,1997,844700,NA
"634","National","National",2014,47,2.05459,2.0058,4740,2921,NA,7322,1049,642,16674,2058,831289,NA
"635","National","National",2014,48,2.53541,2.62227,5432,3277,NA,6848,1165,880,17602,2067,671251,NA
"636","National","National",2014,49,2.54253,2.60749,6185,4623,NA,9106,1767,1224,22905,2097,878430,NA
"637","National","National",2014,50,3.60563,3.4178,7424,5287,NA,13050,1970,1441,29172,2069,853532,NA
"638","National","National",2014,51,4.90976,4.46555,9270,6920,NA,16418,2671,2103,37382,2016,837119,NA
"639","National","National",2014,52,5.98221,6.11497,10363,8982,NA,13951,3718,3519,40533,1984,662849,NA
"640","National","National",2014,53,5.47421,5.30979,9732,9348,NA,9406,4288,4117,36891,1983,694773,NA
"641","National","National",2015,1,4.21374,4.07898,7160,8072,NA,9589,3614,3048,31483,1958,771835,NA
"642","National","National",2015,2,4.21022,3.93762,7044,6946,NA,11966,2909,2339,31204,1971,792459,NA
"643","National","National",2015,3,4.25968,4.15076,7840,6451,NA,13949,2951,2030,33221,1966,800359,NA
"644","National","National",2015,4,3.97761,3.87899,7118,5844,NA,13159,2585,1915,30621,1955,789407,NA
"645","National","National",2015,5,3.63443,3.45794,6656,5380,NA,12093,2368,1654,28151,1950,814097,NA
"646","National","National",2015,6,3.26527,3.06359,6429,4884,NA,10328,2072,1505,25218,1917,823153,NA
"647","National","National",2015,7,2.93083,2.82646,5537,4295,NA,8164,1842,1271,21109,1907,746836,NA
"648","National","National",2015,8,2.54474,2.3599,4823,4061,NA,7280,1765,1249,19178,1934,812660,NA
"649","National","National",2015,9,2.47227,2.33472,4639,3914,NA,7116,1696,1076,18441,1912,789858,NA
"650","National","National",2015,10,2.35665,2.21286,4710,3654,NA,6748,1654,1067,17833,1907,805881,NA
"651","National","National",2015,11,2.17008,2.07619,4559,3482,NA,6084,1573,997,16695,1883,804117,NA
"652","National","National",2015,12,2.04297,2.01267,4418,3284,NA,6003,1486,931,16122,1848,801027,NA
"653","National","National",2015,13,1.954,1.94192,4174,2968,NA,5623,1321,889,14975,1819,771143,NA
"654","National","National",2015,14,1.72287,1.74809,3903,2931,NA,4634,1387,878,13733,1820,785602,NA
"655","National","National",2015,15,1.53694,1.50367,3448,2448,NA,4214,1160,774,12044,1813,800974,NA
"656","National","National",2015,16,1.38283,1.43494,3182,2052,NA,4011,975,640,10860,1768,756827,NA
"657","National","National",2015,17,1.46265,1.45673,3203,2122,NA,4280,888,602,11095,1753,761638,NA
"658","National","National",2015,18,1.38934,1.42836,3106,2074,NA,4079,846,589,10694,1735,748690,NA
"659","National","National",2015,19,1.3468,1.35297,2805,1810,NA,3641,813,602,9671,1688,714799,NA
"660","National","National",2015,20,1.25452,1.33093,2754,1768,NA,3296,736,470,9024,1622,678023,NA
"661","National","National",2015,21,1.21636,1.28422,2593,1461,NA,2714,652,493,7913,1579,616171,NA
"662","National","National",2015,22,1.16734,1.13889,2211,1334,NA,2345,594,462,6946,1505,609891,NA
"663","National","National",2015,23,1.04654,1.10343,2109,1320,NA,2284,575,456,6744,1455,611184,NA
"664","National","National",2015,24,0.943661,0.970748,1734,1167,NA,2046,495,408,5850,1459,602628,NA
"665","National","National",2015,25,0.935046,0.998681,1897,1170,NA,1921,496,429,5913,1445,592081,NA
"666","National","National",2015,26,0.934726,0.978057,1678,1043,NA,1701,430,380,5232,1417,534938,NA
"667","National","National",2015,27,0.864118,0.866431,1546,1081,NA,1675,443,371,5116,1428,590468,NA
"668","National","National",2015,28,0.806535,0.827757,1487,1028,NA,1609,405,341,4870,1411,588337,NA
"669","National","National",2015,29,0.742747,0.797572,1383,1011,NA,1498,413,321,4626,1401,580010,NA
"670","National","National",2015,30,0.737859,0.811221,1415,999,NA,1459,432,300,4605,1352,567663,NA
"671","National","National",2015,31,0.743224,0.821165,1392,1026,NA,1590,420,325,4753,1364,578812,NA
"672","National","National",2015,32,0.805251,0.819435,1330,1062,NA,1667,400,291,4750,1340,579668,NA
"673","National","National",2015,33,0.816943,0.848041,1429,1134,NA,1815,436,359,5173,1356,609994,NA
"674","National","National",2015,34,0.814518,0.888524,1687,1151,NA,2033,423,354,5648,1362,635661,NA
"675","National","National",2015,35,0.86067,0.962826,1636,1230,NA,2292,481,324,5963,1354,619323,NA
"676","National","National",2015,36,0.886704,1.02252,1714,1297,NA,2169,461,329,5970,1349,583853,NA
"677","National","National",2015,37,1.00845,1.08392,1993,1392,NA,2744,536,397,7062,1369,651524,NA
"678","National","National",2015,38,1.06625,1.17724,2178,1520,NA,2947,627,432,7704,1367,654414,NA
"679","National","National",2015,39,1.05995,1.1716,2170,1654,NA,2746,652,404,7626,1332,650904,NA
"680","National","National",2015,40,1.22559,1.24325,2849,2015,NA,3693,871,621,10049,1963,808287,NA
"681","National","National",2015,41,1.31066,1.3234,3016,2102,NA,4007,912,678,10715,1976,809660,NA
"682","National","National",2015,42,1.3711,1.40399,3263,2357,NA,4360,951,653,11584,1995,825079,NA
"683","National","National",2015,43,1.39171,1.37629,3141,2254,NA,4148,927,694,11164,1999,811165,NA
"684","National","National",2015,44,1.43712,1.46866,3563,2450,NA,4783,935,692,12423,2048,845875,NA
"685","National","National",2015,45,1.50165,1.533,3746,2517,NA,4725,943,745,12676,2028,826877,NA
"686","National","National",2015,46,1.59805,1.60841,3960,2656,NA,5076,1026,766,13484,2023,838344,NA
"687","National","National",2015,47,1.89668,1.90047,3974,2427,NA,4073,981,703,12158,2000,639738,NA
"688","National","National",2015,48,1.67728,1.73645,4469,3011,NA,5076,1232,829,14617,2040,841777,NA
"689","National","National",2015,49,1.78296,1.81945,4575,2902,NA,5384,1252,873,14986,2020,823657,NA
"690","National","National",2015,50,1.87336,1.96571,5135,2963,NA,5105,1250,943,15396,2000,783227,NA
"691","National","National",2015,51,2.32148,2.42021,5377,2876,NA,4317,1256,1013,14839,1978,613128,NA
"692","National","National",2015,52,2.40991,2.41083,5700,3264,NA,4011,1524,1180,15679,1949,650356,NA
"693","National","National",2016,1,1.94328,1.98859,4775,3597,NA,4494,1631,1157,15654,2004,787192,NA
"694","National","National",2016,2,1.99796,1.98985,4574,3180,NA,5362,1380,1021,15517,2005,779809,NA
"695","National","National",2016,3,2.11829,2.1071,4804,3226,NA,5380,1297,954,15661,2008,743249,NA
"696","National","National",2016,4,2.25112,2.19256,5088,3615,NA,6882,1551,1007,18143,2026,827482,NA
"697","National","National",2016,5,2.37116,2.30014,5135,3759,NA,7353,1625,1072,18944,2007,823602,NA
"698","National","National",2016,6,2.80035,2.67574,5645,4600,NA,8434,1916,1179,21774,2000,813755,NA
"699","National","National",2016,7,3.16475,3.02427,5997,5642,NA,9325,2347,1370,24681,1993,816098,NA
"700","National","National",2016,8,3.15183,3.11328,6299,6001,NA,10127,2606,1390,26423,1956,848718,NA
"701","National","National",2016,9,3.3321,3.32788,6619,6395,NA,11415,2599,1440,28468,1952,855439,NA
"702","National","National",2016,10,3.56024,3.5918,6660,7358,NA,11856,2977,1630,30481,1922,848628,NA
"703","National","National",2016,11,3.05479,3.09262,5574,6026,NA,9334,2489,1471,24894,1898,804948,NA
"704","National","National",2016,12,2.76732,2.78803,5187,4982,NA,8489,2000,1282,21940,1900,786936,NA
"705","National","National",2016,13,2.44161,2.52371,4581,4476,NA,7392,1953,1201,19603,1832,776752,NA
"706","National","National",2016,14,2.03348,2.12928,3707,3869,NA,6403,1660,1130,16769,1813,787543,NA
"707","National","National",2016,15,1.98593,2.05142,3572,3530,NA,6595,1533,1031,16261,1805,792672,NA
"708","National","National",2016,16,1.91514,1.98957,3515,3247,NA,6357,1373,945,15437,1774,775895,NA
"709","National","National",2016,17,1.69968,1.7858,3157,2986,NA,5557,1235,901,13836,1759,774777,NA
"710","National","National",2016,18,1.57635,1.60144,2772,2586,NA,4729,1037,746,11870,1742,741210,NA
"711","National","National",2016,19,1.3935,1.4743,2871,2276,NA,4046,849,665,10707,1690,726244,NA
"712","National","National",2016,20,1.29941,1.42286,2688,1998,NA,3630,839,643,9798,1626,688612,NA
"713","National","National",2016,21,1.18379,1.38196,2612,1714,NA,3126,717,618,8787,1439,635835,NA
"714","National","National",2016,22,1.13723,1.33712,2545,1637,NA,2620,663,532,7997,1482,598077,NA
"715","National","National",2016,23,1.04118,1.13894,2293,1460,NA,2313,617,518,7201,1446,632252,NA
"716","National","National",2016,24,0.971814,1.09641,2189,1354,NA,2171,588,466,6768,1440,617287,NA
"717","National","National",2016,25,0.863306,0.999559,2062,1178,NA,1905,493,386,6024,1402,602666,NA
"718","National","National",2016,26,0.833797,0.99095,1873,1146,NA,1810,473,384,5686,1382,573793,NA
"719","National","National",2016,27,0.784516,0.931253,1646,985,NA,1641,463,383,5118,1379,549582,NA
"720","National","National",2016,28,0.734327,0.843118,1610,1064,NA,1599,422,383,5078,1392,602288,NA
"721","National","National",2016,29,0.698845,0.840286,1670,994,NA,1621,384,375,5044,1388,600272,NA
"722","National","National",2016,30,0.723099,0.830065,1580,1036,NA,1624,362,323,4925,1393,593327,NA
"723","National","National",2016,31,0.663501,0.790428,1455,971,NA,1496,359,315,4596,1360,581457,NA
"724","National","National",2016,32,0.69276,0.830826,1512,1016,NA,1639,382,319,4868,1329,585923,NA
"725","National","National",2016,33,0.710029,0.856796,1644,1028,NA,1914,373,306,5265,1345,614499,NA
"726","National","National",2016,34,0.834232,1.00746,1848,1234,NA,2364,465,349,6260,1356,621362,NA
"727","National","National",2016,35,0.992621,1.05868,1815,1242,NA,2651,455,341,6504,1354,614349,NA
"728","National","National",2016,36,1.01605,1.10028,1883,1284,NA,2604,471,381,6623,1347,601938,NA
"729","National","National",2016,37,1.07169,1.1457,2026,1509,NA,3073,579,452,7639,1365,666755,NA
"730","National","National",2016,38,1.10163,1.2189,2341,1539,NA,3298,613,438,8229,1363,675119,NA
"731","National","National",2016,39,1.18841,1.31113,2413,1645,NA,3334,630,483,8505,1389,648678,NA
"732","National","National",2016,40,1.2019,1.27386,3110,2114,NA,4169,828,643,10864,1946,852842,NA
"733","National","National",2016,41,1.23108,1.29342,3207,2155,NA,4078,879,678,10997,1973,850228,NA
"734","National","National",2016,42,1.26796,1.33097,3564,2234,NA,4452,981,695,11926,1983,896035,NA
"735","National","National",2016,43,1.36298,1.42662,3786,2406,NA,4769,987,700,12648,2006,886570,NA
"736","National","National",2016,44,1.48535,1.57071,4314,2444,NA,5287,1030,715,13790,1999,877947,NA
"737","National","National",2016,45,1.55954,1.65146,4703,2549,NA,5193,1055,758,14258,1990,863356,NA
"738","National","National",2016,46,1.64783,1.73309,4979,2659,NA,5610,1083,829,15160,2000,874739,NA
"739","National","National",2016,47,1.91275,2.03388,5032,2634,NA,4567,1108,867,14208,2011,698566,NA
"740","National","National",2016,48,1.81725,1.88331,5209,3326,NA,5655,1359,1056,16605,2001,881694,NA
"741","National","National",2016,49,1.91433,2.00292,5501,3188,NA,5812,1413,1047,16961,2013,846813,NA
"742","National","National",2016,50,2.21003,2.27731,5744,3491,NA,6724,1485,1019,18463,2000,810736,NA
"743","National","National",2016,51,2.73568,2.91465,6653,4099,NA,7469,1923,1421,21565,1977,739882,NA
"744","National","National",2016,52,3.36832,3.54919,7712,5247,NA,7144,2652,2145,24900,1928,701569,NA
"745","National","National",2017,1,3.09689,3.08102,6716,5673,NA,6786,2773,2230,24178,2024,784740,NA
"746","National","National",2017,2,3.07346,3.01875,6020,5313,NA,8843,2639,2082,24897,1997,824746,NA
"747","National","National",2017,3,3.51643,3.40446,6399,5588,NA,12147,2717,1930,28781,2029,845391,NA
"748","National","National",2017,4,3.8027,3.52869,6958,5788,NA,14073,2623,1823,31265,2021,886023,NA
"749","National","National",2017,5,4.50313,4.10665,7452,6522,NA,17482,2968,2093,36517,2024,889216,NA
"750","National","National",2017,6,5.06308,4.7551,8110,8235,NA,20150,3749,2646,42890,2027,901978,NA
"751","National","National",2017,7,4.86009,4.65163,7726,8328,NA,18692,3652,2637,41035,1967,882163,NA
"752","National","National",2017,8,4.57916,4.57049,7649,8560,NA,17300,3807,2808,40124,1987,877892,NA
"753","National","National",2017,9,3.55674,3.45522,6129,6496,NA,12394,2983,2181,30183,1995,873547,NA
"754","National","National",2017,10,3.50417,3.29505,5854,5970,NA,11552,2766,1918,28060,1971,851580,NA
"755","National","National",2017,11,3.21511,3.16426,5503,5535,NA,10084,2582,1780,25484,1958,805370,NA
"756","National","National",2017,12,3.10088,3.14433,5514,5858,NA,11503,2641,1838,27354,1940,869946,NA
"757","National","National",2017,13,2.79056,2.87936,5145,5070,NA,10149,2354,1624,24342,1899,845397,NA
"758","National","National",2017,14,2.38547,2.36977,4488,3918,NA,8178,1760,1333,19677,1906,830332,NA
"759","National","National",2017,15,1.9703,1.93853,3909,3151,NA,5847,1470,1171,15548,1861,802052,NA
"760","National","National",2017,16,1.73442,1.64064,3306,2766,NA,4683,1258,993,13006,1845,792740,NA
"761","National","National",2017,17,1.56303,1.4752,2997,2391,NA,4497,1111,928,11924,1846,808298,NA
"762","National","National",2017,18,1.4128,1.37755,2890,2039,NA,4105,1011,717,10762,1795,781240,NA
"763","National","National",2017,19,1.27492,1.33771,2751,2037,NA,3831,862,721,10202,1767,762648,NA
"764","National","National",2017,20,1.2834,1.34686,2685,2011,NA,3518,886,709,9809,1746,728288,NA
"765","National","National",2017,21,1.16663,1.26579,2341,1745,NA,3060,771,647,8564,1614,676574,NA
"766","National","National",2017,22,1.10977,1.25701,2311,1577,NA,2575,710,583,7756,1569,617021,NA
"767","National","National",2017,23,1.04333,1.16048,2412,1459,NA,2377,671,591,7510,1493,647145,NA
"768","National","National",2017,24,0.905151,1.04834,2049,1346,NA,2099,595,547,6636,1470,633003,NA
"769","National","National",2017,25,0.902718,0.992711,1930,1282,NA,1971,559,498,6240,1469,628582,NA
"770","National","National",2017,26,0.859531,0.961603,1771,1121,NA,1748,489,467,5596,1422,581945,NA
"771","National","National",2017,27,0.818998,0.955818,1728,1111,NA,1564,505,418,5326,1456,557219,NA
"772","National","National",2017,28,0.752505,0.827597,1545,1004,NA,1578,462,372,4961,1405,599446,NA
"773","National","National",2017,29,0.731146,0.811886,1549,908,NA,1421,450,419,4747,1384,584688,NA
"774","National","National",2017,30,0.733295,0.818527,1576,953,NA,1515,459,376,4879,1377,596071,NA
"775","National","National",2017,31,0.73102,0.829758,1529,1037,NA,1485,415,433,4899,1390,590413,NA
"776","National","National",2017,32,0.68834,0.828503,1559,1044,NA,1481,441,390,4915,1386,593239,NA
"777","National","National",2017,33,0.732049,0.885896,1603,1097,NA,1691,427,412,5230,1350,590363,NA
"778","National","National",2017,34,0.911188,1.05351,1964,1256,NA,2549,473,411,6653,1379,631507,NA
"779","National","National",2017,35,1.02105,1.11768,2076,1302,NA,2726,526,503,7133,1370,638196,NA
"780","National","National",2017,36,1.09495,1.14028,2073,1369,NA,2488,587,555,7072,1384,620201,NA
"781","National","National",2017,37,1.09475,1.13326,2372,1656,NA,2942,706,628,8304,1485,732755,NA
"782","National","National",2017,38,1.09775,1.17589,2544,1625,NA,3075,664,655,8563,1484,728214,NA
"783","National","National",2017,39,1.18882,1.23848,2840,1652,NA,3201,746,640,9079,1468,733077,NA
"784","National","National",2017,40,1.26589,1.2802,3849,2488,NA,4556,1071,875,12839,2220,1002892,NA
"785","National","National",2017,41,1.30479,1.33123,4118,2676,NA,4453,1073,947,13267,2245,996595,NA
"786","National","National",2017,42,1.34075,1.40786,4408,2805,NA,4993,1139,974,14319,2266,1017076,NA
"787","National","National",2017,43,1.51674,1.5722,5006,2922,NA,5531,1324,1049,15832,2266,1006998,NA
"788","National","National",2017,44,1.74583,1.70326,5219,3289,NA,6134,1365,1062,17069,2222,1002140,NA
"789","National","National",2017,45,1.88708,1.86636,6126,3609,NA,6671,1522,1129,19057,2288,1021079,NA
"790","National","National",2017,46,2.05923,2.07647,6880,4243,NA,7577,1805,1387,21892,2296,1054290,NA
"791","National","National",2017,47,2.27971,2.33593,6945,3844,NA,5875,1707,1445,19816,2271,848314,NA
"792","National","National",2017,48,2.28379,2.24637,7008,5235,NA,7474,2206,1829,23752,2279,1057350,NA
"793","National","National",2017,49,2.58278,2.49504,7229,5046,NA,8488,2335,1857,24955,2272,1000183,NA
"794","National","National",2017,50,3.36558,3.2005,8285,6671,NA,11259,2955,2332,31502,2262,984283,NA
"795","National","National",2017,51,4.73117,4.43807,10447,9856,NA,14166,4580,3733,42782,2211,963978,NA
"796","National","National",2017,52,5.70943,5.46361,11335,11507,NA,11540,5754,5119,45255,2132,828299,NA
"797","National","National",2018,1,5.74658,5.35765,9410,13383,NA,11717,6871,5888,47269,2243,882271,NA
"798","National","National",2018,2,5.89207,5.52437,10053,15380,NA,17357,7772,6199,56761,2257,1027466,NA
"799","National","National",2018,3,6.51759,6.34528,11997,16012,NA,21897,7569,5561,63036,2286,993431,NA
"800","National","National",2018,4,7.16338,7.01811,13408,18317,NA,30625,8911,6065,77326,2288,1101807,NA
"801","National","National",2018,5,7.52133,7.7809,14844,19086,NA,37200,8915,5940,85985,2275,1105078,NA
"802","National","National",2018,6,7.38748,7.76939,15192,19527,NA,38606,8626,5874,87825,2299,1130397,NA
"803","National","National",2018,7,6.44688,6.81176,13365,17203,NA,32124,8079,5439,76210,2227,1118800,NA
"804","National","National",2018,8,4.95881,5.15749,10154,12437,NA,20450,5805,4179,53025,2272,1028116,NA
"805","National","National",2018,9,3.68612,3.55945,7208,8485,NA,13392,4104,2875,36064,2208,1013191,NA
"806","National","National",2018,10,3.18626,3.00518,6368,6485,NA,10850,3138,2292,29133,2214,969427,NA
"807","National","National",2018,11,2.76894,2.73038,5588,5928,NA,9468,2822,2132,25938,2201,949978,NA
"808","National","National",2018,12,2.48706,2.47768,5223,5408,NA,8640,2563,1971,23805,2180,960779,NA
"809","National","National",2018,13,2.40802,2.36314,4721,4720,NA,7214,2295,1743,20693,2144,875658,NA
"810","National","National",2018,14,2.07483,2.03139,4553,4459,NA,6218,2153,1691,19074,2127,938963,NA
"811","National","National",2018,15,1.77898,1.80376,4145,3749,NA,5505,1818,1447,16664,2086,923848,NA
"812","National","National",2018,16,1.61487,1.58696,3856,3214,NA,5269,1427,1103,14869,2112,936950,NA
"813","National","National",2018,17,1.5385,1.53801,3723,3026,NA,5336,1371,1096,14552,2088,946160,NA
"814","National","National",2018,18,1.52612,1.44974,3658,2604,NA,4815,1217,997,13291,2018,916783,NA
"815","National","National",2018,19,1.28847,1.27729,3444,2205,NA,4133,935,902,11619,1933,909661,NA
"816","National","National",2018,20,1.18344,1.22051,3359,2239,NA,3764,905,799,11066,1977,906668,NA
"817","National","National",2018,21,1.24919,1.23235,3385,2082,NA,3429,884,866,10646,1896,863879,NA
"818","National","National",2018,22,1.14131,1.223,3220,1822,NA,2987,846,733,9608,1802,785606,NA
"819","National","National",2018,23,0.9878,1.0473,2847,1838,NA,2552,802,654,8693,1798,830040,NA
"820","National","National",2018,24,0.895565,0.978113,2375,1596,NA,2245,699,658,7573,1753,774246,NA
"821","National","National",2018,25,0.892204,0.947548,2312,1554,NA,2162,729,616,7373,1773,778114,NA
"822","National","National",2018,26,0.877184,0.867554,2206,1530,NA,1916,669,626,6947,1736,800757,NA
"823","National","National",2018,27,0.780203,0.82328,2009,1299,NA,1862,539,549,6258,1780,760130,NA
"824","National","National",2018,28,0.725075,0.771497,1943,1443,NA,1901,627,587,6501,1785,842647,NA
"825","National","National",2018,29,0.68247,0.706819,1741,1290,NA,1720,566,469,5786,1748,818597,NA
"826","National","National",2018,30,0.640393,0.685155,1665,1202,NA,1643,524,463,5497,1741,802300,NA
"827","National","National",2018,31,0.639127,0.687351,1618,1246,NA,1769,525,454,5612,1724,816468,NA
"828","National","National",2018,32,0.705637,0.735733,1726,1334,NA,1784,541,476,5861,1690,796621,NA
"829","National","National",2018,33,0.707801,0.806048,1986,1387,NA,2170,516,478,6537,1725,810994,NA
"830","National","National",2018,34,0.822659,0.944013,2239,1492,NA,2468,609,515,7323,1610,775731,NA
"831","National","National",2018,35,0.859864,0.960101,2445,1638,NA,2830,656,542,8111,1681,844807,NA
"832","National","National",2018,36,1.10083,1.14128,2814,1985,NA,3343,767,621,9530,1710,835027,NA
"833","National","National",2018,37,1.15323,1.14784,2773,2112,NA,3660,829,691,10065,1708,876862,NA
"834","National","National",2018,38,1.20178,1.31156,3242,2347,NA,3949,922,729,11189,1684,853109,NA
"835","National","National",2018,39,1.2498,1.26102,3481,2488,NA,4198,931,669,11767,1710,933130,NA
"836","National","National",2018,40,1.42158,1.42133,4910,3898,NA,6344,1568,1300,18020,2612,1267828,NA
"837","National","National",2018,41,1.40328,1.4746,5343,4058,NA,6296,1676,1329,18702,2652,1268275,NA
"838","National","National",2018,42,1.47183,1.58977,5593,4418,NA,6809,1758,1402,19980,2624,1256785,NA
"839","National","National",2018,43,1.63975,1.72501,6259,4632,NA,7514,1846,1446,21697,2678,1257789,NA
"840","National","National",2018,44,1.79022,1.84103,6862,4730,NA,8282,1825,1451,23150,2664,1257449,NA
"841","National","National",2018,45,1.86799,1.92737,7508,4842,NA,8471,1844,1456,24121,2671,1251496,NA
"842","National","National",2018,46,1.99062,2.09281,7841,5084,NA,8131,2014,1489,24559,2663,1173496,NA
"843","National","National",2018,47,2.24196,2.40619,8614,5046,NA,7227,2121,1704,24712,2617,1027018,NA
"844","National","National",2018,48,2.14993,2.24923,8896,6606,NA,8853,2783,2081,29219,2665,1299066,NA
"845","National","National",2018,49,2.26267,2.31067,8815,6025,NA,9371,2475,1869,28555,2658,1235787,NA
"846","National","National",2018,50,2.63691,2.73537,10162,6852,NA,11432,2794,1988,33228,2649,1214752,NA
"847","National","National",2018,51,3.13053,3.24277,11495,8152,NA,12872,3328,2495,38342,2593,1182384,NA
"848","National","National",2018,52,3.95397,4.18246,13614,10364,NA,12055,4479,3539,44051,2579,1053233,NA
"849","National","National",2019,1,3.45315,3.63116,11682,11421,NA,9582,5216,4272,42173,2627,1161419,NA
"850","National","National",2019,2,3.09958,3.16293,9389,10520,NA,10976,4881,3458,39224,2654,1240115,NA
"851","National","National",2019,3,3.32135,3.36599,9708,10069,NA,14330,4248,2951,41306,2656,1227156,NA
"852","National","National",2019,4,3.78973,3.89212,10772,11279,NA,17048,4490,2870,46459,2675,1193668,NA
"853","National","National",2019,5,4.34374,4.53541,11635,13102,NA,22323,5131,3266,55457,2665,1222755,NA
"854","National","National",2019,6,4.85886,5.20804,13914,15820,NA,29915,6204,4113,69966,2670,1343423,NA
"855","National","National",2019,7,5.06384,5.45133,14289,16045,NA,29514,6371,4294,70513,2651,1293501,NA
"856","National","National",2019,8,4.91983,5.30801,13672,15838,NA,26827,6168,4509,67014,2650,1262508,NA
"857","National","National",2019,9,4.58535,4.62217,11684,13965,NA,23708,5763,4178,59298,2655,1282904,NA
"858","National","National",2019,10,4.40531,4.42052,11190,13155,NA,21945,5409,4082,55781,2634,1261864,NA
"859","National","National",2019,11,4.24417,4.14628,11006,12648,NA,20246,5390,4194,53484,2643,1289927,NA
"860","National","National",2019,12,3.68615,3.50477,9709,10712,NA,16776,4529,3897,45623,2648,1301742,NA
"861","National","National",2019,13,3.11403,3.06756,8668,8733,NA,13782,3838,3206,38227,2613,1246168,NA
"862","National","National",2019,14,2.71415,2.68614,7617,7523,NA,11814,3296,2812,33062,2612,1230839,NA
"863","National","National",2019,15,2.319,2.28348,6764,6259,NA,10109,2599,2332,28063,2559,1228955,NA
"864","National","National",2019,16,2.03857,1.97841,6302,4970,NA,7975,2125,1884,23256,2531,1175489,NA
"865","National","National",2019,17,1.73825,1.7374,5698,4646,NA,6630,2014,1746,20734,2505,1193392,NA
"866","National","National",2019,18,1.59588,1.59044,5376,4111,NA,6305,1689,1550,19031,2473,1196585,NA
"867","National","National",2019,19,1.52208,1.47164,4792,3586,NA,5985,1483,1363,17209,2427,1169379,NA
"868","National","National",2019,20,1.50543,1.50693,4629,3480,NA,5510,1434,1359,16412,2317,1089099,NA
"869","National","National",2019,21,1.4468,1.41323,4557,3184,NA,5189,1342,1357,15629,2177,1105906,NA
"870","National","National",2019,22,1.40519,1.43654,4301,2972,NA,4484,1229,1241,14227,2059,990364,NA
"871","National","National",2019,23,1.23902,1.2311,3809,2885,NA,3980,1204,1161,13039,2166,1059136,NA
"872","National","National",2019,24,1.13192,1.13058,3467,2712,NA,3717,1043,1067,12006,2145,1061932,NA
"873","National","National",2019,25,1.00207,1.01571,3009,2395,NA,3233,982,919,10538,2093,1037505,NA
"874","National","National",2019,26,0.963111,0.967341,2932,2167,NA,3067,904,855,9925,2016,1026008,NA
"875","National","National",2019,27,0.892688,0.888516,2461,1887,NA,2656,782,766,8552,2075,962504,NA
"876","National","National",2019,28,0.826563,0.809181,2245,1849,NA,2586,779,720,8179,1974,1010775,NA
"877","National","National",2019,29,0.7816,0.779191,2095,1792,NA,2451,733,685,7756,1980,995391,NA
"878","National","National",2019,30,0.771592,0.76756,2028,1739,NA,2342,725,593,7427,1923,967612,NA
"879","National","National",2019,31,0.808187,0.756584,2026,1539,NA,2039,531,501,6636,1599,877100,NA
